backend_api_id,module,controller,java_method,http_method,controller_path,external_path_candidate,permissions,idempotent_annotation,response_type,data_scope,source,openapi_status
BEAPI-0001,auth,TokenController,login,POST,/login,/auth/login,未声明/公共接口,no,R<?>,待逐接口核验,erp-auth/src/main/java/com/erp/auth/controller/TokenController.java:48,待生成版本化 OpenAPI 基线
BEAPI-0002,auth,TokenController,browserLogin,POST,/browser/login,/auth/browser/login,未声明/公共接口,no,"R<Map<String, Object>>",待逐接口核验,erp-auth/src/main/java/com/erp/auth/controller/TokenController.java:61,待生成版本化 OpenAPI 基线
BEAPI-0003,auth,TokenController,browserSession,GET,/browser/session,/auth/browser/session,未声明/公共接口,no,"R<Map<String, Object>>",待逐接口核验,erp-auth/src/main/java/com/erp/auth/controller/TokenController.java:83,待生成版本化 OpenAPI 基线
BEAPI-0004,auth,TokenController,logout,DELETE,/logout,/auth/logout,未声明/公共接口,no,R<?>,待逐接口核验,erp-auth/src/main/java/com/erp/auth/controller/TokenController.java:95,待生成版本化 OpenAPI 基线
BEAPI-0005,auth,TokenController,browserLogout,DELETE,/browser/session,/auth/browser/session,未声明/公共接口,no,R<?>,待逐接口核验,erp-auth/src/main/java/com/erp/auth/controller/TokenController.java:112,待生成版本化 OpenAPI 基线
BEAPI-0006,auth,TokenController,refresh,POST,/refresh,/auth/refresh,未声明/公共接口,no,R<?>,待逐接口核验,erp-auth/src/main/java/com/erp/auth/controller/TokenController.java:126,待生成版本化 OpenAPI 基线
BEAPI-0007,auth,TokenController,register,POST,/register,/auth/register,未声明/公共接口,no,R<?>,待逐接口核验,erp-auth/src/main/java/com/erp/auth/controller/TokenController.java:139,待生成版本化 OpenAPI 基线
BEAPI-0008,auth,TokenController,passwordPolicy,GET,/passwordPolicy,/auth/passwordPolicy,未声明/公共接口,no,R<String>,待逐接口核验,erp-auth/src/main/java/com/erp/auth/controller/TokenController.java:147,待生成版本化 OpenAPI 基线
BEAPI-0009,auth,TokenController,unlockScreen,POST,/unlockscreen,/auth/unlockscreen,未声明/公共接口,no,R<?>,待逐接口核验,erp-auth/src/main/java/com/erp/auth/controller/TokenController.java:157,待生成版本化 OpenAPI 基线
BEAPI-0010,approval,ApprovalCallbackController,replay,POST,/callbacks/{id}/replay,/approval/callbacks/{id}/replay,approval:callback:replay,no,AjaxResult,待逐接口核验,erp-modules/erp-approval/src/main/java/com/erp/approval/controller/ApprovalCallbackController.java:27,待生成版本化 OpenAPI 基线
BEAPI-0011,approval,ApprovalDefinitionController,templates,GET,/templates,/approval/templates,approval:template:list,no,TableDataInfo,待逐接口核验,erp-modules/erp-approval/src/main/java/com/erp/approval/controller/ApprovalDefinitionController.java:39,待生成版本化 OpenAPI 基线
BEAPI-0012,approval,ApprovalDefinitionController,template,GET,/templates/{id},/approval/templates/{id},approval:template:query,no,AjaxResult,待逐接口核验,erp-modules/erp-approval/src/main/java/com/erp/approval/controller/ApprovalDefinitionController.java:49,待生成版本化 OpenAPI 基线
BEAPI-0013,approval,ApprovalDefinitionController,rules,GET,/rules,/approval/rules,approval:template:list,no,TableDataInfo,待逐接口核验,erp-modules/erp-approval/src/main/java/com/erp/approval/controller/ApprovalDefinitionController.java:58,待生成版本化 OpenAPI 基线
BEAPI-0014,approval,ApprovalDefinitionController,rule,GET,/rules/{id},/approval/rules/{id},approval:template:query,no,AjaxResult,待逐接口核验,erp-modules/erp-approval/src/main/java/com/erp/approval/controller/ApprovalDefinitionController.java:68,待生成版本化 OpenAPI 基线
BEAPI-0015,approval,ApprovalDefinitionController,createRule,POST,/rules,/approval/rules,approval:template:edit,yes,AjaxResult,待逐接口核验,erp-modules/erp-approval/src/main/java/com/erp/approval/controller/ApprovalDefinitionController.java:78,待生成版本化 OpenAPI 基线
BEAPI-0016,approval,ApprovalDefinitionController,updateRule,PUT,/rules/{id},/approval/rules/{id},approval:template:edit,yes,AjaxResult,待逐接口核验,erp-modules/erp-approval/src/main/java/com/erp/approval/controller/ApprovalDefinitionController.java:89,待生成版本化 OpenAPI 基线
BEAPI-0017,approval,ApprovalDefinitionController,draft,POST,/rules/{id}/drafts,/approval/rules/{id}/drafts,approval:template:edit,yes,AjaxResult,待逐接口核验,erp-modules/erp-approval/src/main/java/com/erp/approval/controller/ApprovalDefinitionController.java:101,待生成版本化 OpenAPI 基线
BEAPI-0018,approval,ApprovalDefinitionController,saveVersion,PUT,/versions/{id},/approval/versions/{id},approval:template:edit,yes,AjaxResult,待逐接口核验,erp-modules/erp-approval/src/main/java/com/erp/approval/controller/ApprovalDefinitionController.java:114,待生成版本化 OpenAPI 基线
BEAPI-0019,approval,ApprovalDefinitionController,publish,POST,/versions/{id}/publish,/approval/versions/{id}/publish,approval:template:publish,yes,AjaxResult,待逐接口核验,erp-modules/erp-approval/src/main/java/com/erp/approval/controller/ApprovalDefinitionController.java:126,待生成版本化 OpenAPI 基线
BEAPI-0020,approval,ApprovalDefinitionController,preview,POST,/versions/{id}/preview,/approval/versions/{id}/preview,approval:template:query,no,AjaxResult,待逐接口核验,erp-modules/erp-approval/src/main/java/com/erp/approval/controller/ApprovalDefinitionController.java:138,待生成版本化 OpenAPI 基线
BEAPI-0021,approval,ApprovalDefinitionController,disable,POST,/rules/{id}/disable,/approval/rules/{id}/disable,approval:template:edit,yes,AjaxResult,待逐接口核验,erp-modules/erp-approval/src/main/java/com/erp/approval/controller/ApprovalDefinitionController.java:149,待生成版本化 OpenAPI 基线
BEAPI-0022,approval,ApprovalInternalController,start,POST,/inner/approval/instances/start,/approval/inner/approval/instances/start,未声明/公共接口,no,R<ApprovalStartResponse>,待逐接口核验,erp-modules/erp-approval/src/main/java/com/erp/approval/controller/ApprovalInternalController.java:36,待生成版本化 OpenAPI 基线
BEAPI-0023,approval,ApprovalInternalController,withdraw,POST,/inner/approval/instances/withdraw,/approval/inner/approval/instances/withdraw,未声明/公共接口,no,R<Boolean>,待逐接口核验,erp-modules/erp-approval/src/main/java/com/erp/approval/controller/ApprovalInternalController.java:44,待生成版本化 OpenAPI 基线
BEAPI-0024,approval,ApprovalInternalController,getInstance,GET,/inner/approval/instances/{instanceId},/approval/inner/approval/instances/{instanceId},未声明/公共接口,no,R<ApprovalInstanceSnapshot>,待逐接口核验,erp-modules/erp-approval/src/main/java/com/erp/approval/controller/ApprovalInternalController.java:52,待生成版本化 OpenAPI 基线
BEAPI-0025,approval,ApprovalInternalController,getServiceStatus,GET,/inner/approval/status,/approval/inner/approval/status,未声明/公共接口,no,R<ApprovalServiceStatus>,待逐接口核验,erp-modules/erp-approval/src/main/java/com/erp/approval/controller/ApprovalInternalController.java:60,待生成版本化 OpenAPI 基线
BEAPI-0026,approval,ApprovalLegacyController,templates,GET,/legacy/templates,/approval/legacy/templates,approval:instance:list,no,List<LegacyApprovalTemplateSummary>,待逐接口核验,erp-modules/erp-approval/src/main/java/com/erp/approval/controller/ApprovalLegacyController.java:29,待生成版本化 OpenAPI 基线
BEAPI-0027,approval,ApprovalLegacyController,instances,GET,/legacy/instances,/approval/legacy/instances,approval:instance:list,no,LegacyApprovalPage,待逐接口核验,erp-modules/erp-approval/src/main/java/com/erp/approval/controller/ApprovalLegacyController.java:36,待生成版本化 OpenAPI 基线
BEAPI-0028,approval,ApprovalLegacyController,detail,GET,/legacy/instances/{businessCode}/{legacyInstanceId},/approval/legacy/instances/{businessCode}/{legacyInstanceId},approval:instance:query,no,LegacyApprovalDetail,待逐接口核验,erp-modules/erp-approval/src/main/java/com/erp/approval/controller/ApprovalLegacyController.java:43,待生成版本化 OpenAPI 基线
BEAPI-0029,approval,ApprovalRuntimeController,list,GET,/instances,/approval/instances,approval:instance:list,no,TableDataInfo,待逐接口核验,erp-modules/erp-approval/src/main/java/com/erp/approval/controller/ApprovalRuntimeController.java:36,待生成版本化 OpenAPI 基线
BEAPI-0030,approval,ApprovalRuntimeController,detail,GET,/instances/{id},/approval/instances/{id},未声明/公共接口,no,AjaxResult,待逐接口核验,erp-modules/erp-approval/src/main/java/com/erp/approval/controller/ApprovalRuntimeController.java:44,待生成版本化 OpenAPI 基线
BEAPI-0031,approval,ApprovalRuntimeController,terminate,POST,/instances/{id}/terminate,/approval/instances/{id}/terminate,approval:instance:terminate,no,AjaxResult,待逐接口核验,erp-modules/erp-approval/src/main/java/com/erp/approval/controller/ApprovalRuntimeController.java:52,待生成版本化 OpenAPI 基线
BEAPI-0032,approval,ApprovalTaskController,approve,POST,/tasks/{id}/approve,/approval/tasks/{id}/approve,未声明/公共接口,no,AjaxResult,待逐接口核验,erp-modules/erp-approval/src/main/java/com/erp/approval/controller/ApprovalTaskController.java:29,待生成版本化 OpenAPI 基线
BEAPI-0033,approval,ApprovalTaskController,returnTask,POST,/tasks/{id}/return,/approval/tasks/{id}/return,未声明/公共接口,no,AjaxResult,待逐接口核验,erp-modules/erp-approval/src/main/java/com/erp/approval/controller/ApprovalTaskController.java:38,待生成版本化 OpenAPI 基线
BEAPI-0034,approval,ApprovalTaskController,reject,POST,/tasks/{id}/reject,/approval/tasks/{id}/reject,未声明/公共接口,no,AjaxResult,待逐接口核验,erp-modules/erp-approval/src/main/java/com/erp/approval/controller/ApprovalTaskController.java:47,待生成版本化 OpenAPI 基线
BEAPI-0035,approval,ApprovalTaskController,reassign,POST,/tasks/{id}/reassign,/approval/tasks/{id}/reassign,approval:task:reassign,no,AjaxResult,待逐接口核验,erp-modules/erp-approval/src/main/java/com/erp/approval/controller/ApprovalTaskController.java:56,待生成版本化 OpenAPI 基线
BEAPI-0036,approval,ApprovalTodoController,summary,GET,/todo/summary,/approval/todo/summary,未声明/公共接口,no,AjaxResult,待逐接口核验,erp-modules/erp-approval/src/main/java/com/erp/approval/controller/ApprovalTodoController.java:29,待生成版本化 OpenAPI 基线
BEAPI-0037,approval,ApprovalTodoController,list,GET,/todo,/approval/todo,未声明/公共接口,no,TableDataInfo,待逐接口核验,erp-modules/erp-approval/src/main/java/com/erp/approval/controller/ApprovalTodoController.java:37,待生成版本化 OpenAPI 基线
BEAPI-0038,approval,ApprovalTodoController,list,GET,/todo/list,/approval/todo/list,未声明/公共接口,no,TableDataInfo,待逐接口核验,erp-modules/erp-approval/src/main/java/com/erp/approval/controller/ApprovalTodoController.java:37,待生成版本化 OpenAPI 基线
BEAPI-0039,approval,ApprovalValidationController,runs,GET,/validation/runs,/approval/validation/runs,approval:validation:list,no,TableDataInfo,待逐接口核验,erp-modules/erp-approval/src/main/java/com/erp/approval/controller/ApprovalValidationController.java:36,待生成版本化 OpenAPI 基线
BEAPI-0040,approval,ApprovalValidationController,detail,GET,/validation/runs/{id},/approval/validation/runs/{id},approval:validation:list,no,AjaxResult,待逐接口核验,erp-modules/erp-approval/src/main/java/com/erp/approval/controller/ApprovalValidationController.java:44,待生成版本化 OpenAPI 基线
BEAPI-0041,approval,ApprovalValidationController,run,POST,/validation/run,/approval/validation/run,approval:validation:run,no,AjaxResult,待逐接口核验,erp-modules/erp-approval/src/main/java/com/erp/approval/controller/ApprovalValidationController.java:51,待生成版本化 OpenAPI 基线
BEAPI-0042,file,SysFileController,upload,POST,/upload,/file/upload,未声明/公共接口,no,R<SysFile>,待逐接口核验,erp-modules/erp-file/src/main/java/com/erp/file/controller/SysFileController.java:36,待生成版本化 OpenAPI 基线
BEAPI-0043,file,SysFileController,delete,DELETE,/delete,/file/delete,未声明/公共接口,no,R<Boolean>,待逐接口核验,erp-modules/erp-file/src/main/java/com/erp/file/controller/SysFileController.java:60,待生成版本化 OpenAPI 基线
BEAPI-0044,file,DriveAdminController,capacity,GET,/drive/admin/quota/overview,/file/drive/admin/quota/overview,未声明/公共接口,no,AjaxResult,待逐接口核验,erp-modules/erp-file/src/main/java/com/erp/file/drive/controller/DriveAdminController.java:85,待生成版本化 OpenAPI 基线
BEAPI-0045,file,DriveAdminController,capacity,GET,/drive/admin/quota/capacity,/file/drive/admin/quota/capacity,未声明/公共接口,no,AjaxResult,待逐接口核验,erp-modules/erp-file/src/main/java/com/erp/file/drive/controller/DriveAdminController.java:85,待生成版本化 OpenAPI 基线
BEAPI-0046,file,DriveAdminController,status,GET,/drive/admin/status,/file/drive/admin/status,未声明/公共接口,no,AjaxResult,待逐接口核验,erp-modules/erp-file/src/main/java/com/erp/file/drive/controller/DriveAdminController.java:93,待生成版本化 OpenAPI 基线
BEAPI-0047,file,DriveAdminController,updateCapacity,PUT,/drive/admin/quota/capacity,/file/drive/admin/quota/capacity,未声明/公共接口,no,AjaxResult,待逐接口核验,erp-modules/erp-file/src/main/java/com/erp/file/drive/controller/DriveAdminController.java:115,待生成版本化 OpenAPI 基线
BEAPI-0048,file,DriveAdminController,policies,GET,/drive/admin/quota/personal-policies,/file/drive/admin/quota/personal-policies,未声明/公共接口,no,AjaxResult,待逐接口核验,erp-modules/erp-file/src/main/java/com/erp/file/drive/controller/DriveAdminController.java:131,待生成版本化 OpenAPI 基线
BEAPI-0049,file,DriveAdminController,posts,GET,/drive/admin/quota/posts,/file/drive/admin/quota/posts,未声明/公共接口,no,AjaxResult,待逐接口核验,erp-modules/erp-file/src/main/java/com/erp/file/drive/controller/DriveAdminController.java:139,待生成版本化 OpenAPI 基线
BEAPI-0050,file,DriveAdminController,savePolicy,PUT,/drive/admin/quota/personal-policies/{subjectType}/{subjectId},/file/drive/admin/quota/personal-policies/{subjectType}/{subjectId},未声明/公共接口,no,AjaxResult,待逐接口核验,erp-modules/erp-file/src/main/java/com/erp/file/drive/controller/DriveAdminController.java:147,待生成版本化 OpenAPI 基线
BEAPI-0051,file,DriveAdminController,deletePolicy,DELETE,/drive/admin/quota/personal-policies/{subjectType}/{subjectId},/file/drive/admin/quota/personal-policies/{subjectType}/{subjectId},未声明/公共接口,no,AjaxResult,待逐接口核验,erp-modules/erp-file/src/main/java/com/erp/file/drive/controller/DriveAdminController.java:165,待生成版本化 OpenAPI 基线
BEAPI-0052,file,DriveAdminController,users,GET,/drive/admin/quota/users,/file/drive/admin/quota/users,未声明/公共接口,no,AjaxResult,待逐接口核验,erp-modules/erp-file/src/main/java/com/erp/file/drive/controller/DriveAdminController.java:186,待生成版本化 OpenAPI 基线
BEAPI-0053,file,DriveAdminController,organizations,GET,/drive/admin/organizations,/file/drive/admin/organizations,未声明/公共接口,no,AjaxResult,待逐接口核验,erp-modules/erp-file/src/main/java/com/erp/file/drive/controller/DriveAdminController.java:216,待生成版本化 OpenAPI 基线
BEAPI-0054,file,DriveAdminController,organizationTypeRules,GET,/drive/admin/organizations/type-rules,/file/drive/admin/organizations/type-rules,未声明/公共接口,no,AjaxResult,待逐接口核验,erp-modules/erp-file/src/main/java/com/erp/file/drive/controller/DriveAdminController.java:224,待生成版本化 OpenAPI 基线
BEAPI-0055,file,DriveAdminController,saveOrganizationTypeRule,PUT,/drive/admin/organizations/type-rules/{deptType},/file/drive/admin/organizations/type-rules/{deptType},未声明/公共接口,no,AjaxResult,待逐接口核验,erp-modules/erp-file/src/main/java/com/erp/file/drive/controller/DriveAdminController.java:232,待生成版本化 OpenAPI 基线
BEAPI-0056,file,DriveAdminController,saveOrganizationBatch,POST,/drive/admin/organizations/batch,/file/drive/admin/organizations/batch,未声明/公共接口,no,AjaxResult,待逐接口核验,erp-modules/erp-file/src/main/java/com/erp/file/drive/controller/DriveAdminController.java:251,待生成版本化 OpenAPI 基线
BEAPI-0057,file,DriveAdminController,saveOrganization,PUT,/drive/admin/organizations/{deptId},/file/drive/admin/organizations/{deptId},未声明/公共接口,no,AjaxResult,待逐接口核验,erp-modules/erp-file/src/main/java/com/erp/file/drive/controller/DriveAdminController.java:269,待生成版本化 OpenAPI 基线
BEAPI-0058,file,DriveAdminController,impact,POST,/drive/admin/quota/impact,/file/drive/admin/quota/impact,未声明/公共接口,no,AjaxResult,待逐接口核验,erp-modules/erp-file/src/main/java/com/erp/file/drive/controller/DriveAdminController.java:286,待生成版本化 OpenAPI 基线
BEAPI-0059,file,DriveAdminController,reconcile,POST,/drive/admin/organizations/reconcile,/file/drive/admin/organizations/reconcile,未声明/公共接口,no,AjaxResult,待逐接口核验,erp-modules/erp-file/src/main/java/com/erp/file/drive/controller/DriveAdminController.java:293,待生成版本化 OpenAPI 基线
BEAPI-0060,file,DriveBusinessContentController,validateBinding,GET,/drive/inner/nodes/{nodeId}/binding,/file/drive/inner/nodes/{nodeId}/binding,未声明/公共接口,no,R<DriveBusinessFile>,待逐接口核验,erp-modules/erp-file/src/main/java/com/erp/file/drive/controller/DriveBusinessContentController.java:52,待生成版本化 OpenAPI 基线
BEAPI-0061,file,DriveBusinessContentController,content,GET,/drive/inner/nodes/{nodeId}/content,/file/drive/inner/nodes/{nodeId}/content,未声明/公共接口,no,ResponseEntity<Resource>,待逐接口核验,erp-modules/erp-file/src/main/java/com/erp/file/drive/controller/DriveBusinessContentController.java:64,待生成版本化 OpenAPI 基线
BEAPI-0062,file,DriveContentController,content,GET,/drive/nodes/{nodeId}/content,/file/drive/nodes/{nodeId}/content,未声明/公共接口,no,ResponseEntity<Resource>,待逐接口核验,erp-modules/erp-file/src/main/java/com/erp/file/drive/controller/DriveContentController.java:48,待生成版本化 OpenAPI 基线
BEAPI-0063,file,DriveNodeController,list,GET,/drive/nodes,/file/drive/nodes,未声明/公共接口,no,TableDataInfo,待逐接口核验,erp-modules/erp-file/src/main/java/com/erp/file/drive/controller/DriveNodeController.java:64,待生成版本化 OpenAPI 基线
BEAPI-0064,file,DriveNodeController,detail,GET,/drive/nodes/{nodeId},/file/drive/nodes/{nodeId},未声明/公共接口,no,AjaxResult,待逐接口核验,erp-modules/erp-file/src/main/java/com/erp/file/drive/controller/DriveNodeController.java:81,待生成版本化 OpenAPI 基线
BEAPI-0065,file,DriveNodeController,createFolder,POST,/drive/folders,/file/drive/folders,未声明/公共接口,no,AjaxResult,待逐接口核验,erp-modules/erp-file/src/main/java/com/erp/file/drive/controller/DriveNodeController.java:90,待生成版本化 OpenAPI 基线
BEAPI-0066,file,DriveNodeController,upload,POST,/drive/files,/file/drive/files,未声明/公共接口,no,AjaxResult,待逐接口核验,erp-modules/erp-file/src/main/java/com/erp/file/drive/controller/DriveNodeController.java:99,待生成版本化 OpenAPI 基线
BEAPI-0067,file,DriveNodeController,rename,PUT,/drive/nodes/{nodeId}/name,/file/drive/nodes/{nodeId}/name,未声明/公共接口,no,AjaxResult,待逐接口核验,erp-modules/erp-file/src/main/java/com/erp/file/drive/controller/DriveNodeController.java:114,待生成版本化 OpenAPI 基线
BEAPI-0068,file,DriveNodeController,move,PUT,/drive/nodes/{nodeId}/move,/file/drive/nodes/{nodeId}/move,未声明/公共接口,no,AjaxResult,待逐接口核验,erp-modules/erp-file/src/main/java/com/erp/file/drive/controller/DriveNodeController.java:124,待生成版本化 OpenAPI 基线
BEAPI-0069,file,DriveNodeController,recent,GET,/drive/recent,/file/drive/recent,未声明/公共接口,no,AjaxResult,待逐接口核验,erp-modules/erp-file/src/main/java/com/erp/file/drive/controller/DriveNodeController.java:134,待生成版本化 OpenAPI 基线
BEAPI-0070,file,DriveNodeController,trash,DELETE,/drive/nodes/{nodeId},/file/drive/nodes/{nodeId},未声明/公共接口,no,AjaxResult,待逐接口核验,erp-modules/erp-file/src/main/java/com/erp/file/drive/controller/DriveNodeController.java:144,待生成版本化 OpenAPI 基线
BEAPI-0071,file,DriveNodeController,listTrash,GET,/drive/trash,/file/drive/trash,未声明/公共接口,no,AjaxResult,待逐接口核验,erp-modules/erp-file/src/main/java/com/erp/file/drive/controller/DriveNodeController.java:155,待生成版本化 OpenAPI 基线
BEAPI-0072,file,DriveNodeController,restore,POST,/drive/trash/{trashRootId}/restore,/file/drive/trash/{trashRootId}/restore,未声明/公共接口,no,AjaxResult,待逐接口核验,erp-modules/erp-file/src/main/java/com/erp/file/drive/controller/DriveNodeController.java:164,待生成版本化 OpenAPI 基线
BEAPI-0073,file,DriveNodeController,purge,DELETE,/drive/trash/{trashRootId},/file/drive/trash/{trashRootId},未声明/公共接口,no,ResponseEntity<AjaxResult>,待逐接口核验,erp-modules/erp-file/src/main/java/com/erp/file/drive/controller/DriveNodeController.java:178,待生成版本化 OpenAPI 基线
BEAPI-0074,file,DriveNodeController,emptyTrash,DELETE,/drive/trash,/file/drive/trash,未声明/公共接口,no,ResponseEntity<AjaxResult>,待逐接口核验,erp-modules/erp-file/src/main/java/com/erp/file/drive/controller/DriveNodeController.java:191,待生成版本化 OpenAPI 基线
BEAPI-0075,file,DriveSpaceController,spaces,GET,/drive/spaces,/file/drive/spaces,未声明/公共接口,no,AjaxResult,待逐接口核验,erp-modules/erp-file/src/main/java/com/erp/file/drive/controller/DriveSpaceController.java:37,待生成版本化 OpenAPI 基线
BEAPI-0076,file,DriveSpaceController,updateQuota,PUT,/drive/spaces/{spaceId}/quota,/file/drive/spaces/{spaceId}/quota,未声明/公共接口,no,AjaxResult,待逐接口核验,erp-modules/erp-file/src/main/java/com/erp/file/drive/controller/DriveSpaceController.java:46,待生成版本化 OpenAPI 基线
BEAPI-0077,gen,GenController,genList,GET,/gen/list,/code/gen/list,tool:gen:list,no,TableDataInfo,待逐接口核验,erp-modules/erp-gen/src/main/java/com/erp/gen/controller/GenController.java:53,待生成版本化 OpenAPI 基线
BEAPI-0078,gen,GenController,getInfo,GET,/gen/{tableId},/code/gen/{tableId},tool:gen:query,no,AjaxResult,待逐接口核验,erp-modules/erp-gen/src/main/java/com/erp/gen/controller/GenController.java:65,待生成版本化 OpenAPI 基线
BEAPI-0079,gen,GenController,dataList,GET,/gen/db/list,/code/gen/db/list,tool:gen:list,no,TableDataInfo,待逐接口核验,erp-modules/erp-gen/src/main/java/com/erp/gen/controller/GenController.java:82,待生成版本化 OpenAPI 基线
BEAPI-0080,gen,GenController,columnList,GET,/gen/column/{tableId},/code/gen/column/{tableId},tool:gen:query,no,TableDataInfo,待逐接口核验,erp-modules/erp-gen/src/main/java/com/erp/gen/controller/GenController.java:94,待生成版本化 OpenAPI 基线
BEAPI-0081,gen,GenController,importTableSave,POST,/gen/importTable,/code/gen/importTable,tool:gen:import,no,AjaxResult,待逐接口核验,erp-modules/erp-gen/src/main/java/com/erp/gen/controller/GenController.java:109,待生成版本化 OpenAPI 基线
BEAPI-0082,gen,GenController,editSave,PUT,/gen,/code/gen,tool:gen:edit,no,AjaxResult,待逐接口核验,erp-modules/erp-gen/src/main/java/com/erp/gen/controller/GenController.java:124,待生成版本化 OpenAPI 基线
BEAPI-0083,gen,GenController,remove,DELETE,/gen/{tableIds},/code/gen/{tableIds},tool:gen:remove,no,AjaxResult,待逐接口核验,erp-modules/erp-gen/src/main/java/com/erp/gen/controller/GenController.java:137,待生成版本化 OpenAPI 基线
BEAPI-0084,gen,GenController,preview,GET,/gen/preview/{tableId},/code/gen/preview/{tableId},tool:gen:preview,no,AjaxResult,待逐接口核验,erp-modules/erp-gen/src/main/java/com/erp/gen/controller/GenController.java:148,待生成版本化 OpenAPI 基线
BEAPI-0085,gen,GenController,download,GET,/gen/download/{tableName},/code/gen/download/{tableName},tool:gen:code,no,void,待逐接口核验,erp-modules/erp-gen/src/main/java/com/erp/gen/controller/GenController.java:160,待生成版本化 OpenAPI 基线
BEAPI-0086,gen,GenController,genCode,GET,/gen/genCode/{tableName},/code/gen/genCode/{tableName},tool:gen:code,no,AjaxResult,待逐接口核验,erp-modules/erp-gen/src/main/java/com/erp/gen/controller/GenController.java:172,待生成版本化 OpenAPI 基线
BEAPI-0087,gen,GenController,synchDb,GET,/gen/synchDb/{tableName},/code/gen/synchDb/{tableName},tool:gen:edit,no,AjaxResult,待逐接口核验,erp-modules/erp-gen/src/main/java/com/erp/gen/controller/GenController.java:188,待生成版本化 OpenAPI 基线
BEAPI-0088,gen,GenController,batchGenCode,GET,/gen/batchGenCode,/code/gen/batchGenCode,tool:gen:code,no,void,待逐接口核验,erp-modules/erp-gen/src/main/java/com/erp/gen/controller/GenController.java:200,待生成版本化 OpenAPI 基线
BEAPI-0089,inventory,InvCustomerController,options,GET,/customer/options,/inventory/customer/options,inv:customer:option,no,AjaxResult,待逐接口核验,erp-modules/erp-inventory/src/main/java/com/erp/inventory/controller/InvCustomerController.java:63,待生成版本化 OpenAPI 基线
BEAPI-0090,inventory,InvCustomerController,serviceCardList,GET,/customer/service-card/list,/inventory/customer/service-card/list,未声明/公共接口,no,TableDataInfo,待逐接口核验,erp-modules/erp-inventory/src/main/java/com/erp/inventory/controller/InvCustomerController.java:72,待生成版本化 OpenAPI 基线
BEAPI-0091,inventory,InvCustomerController,serviceCardAudit,GET,/customer/service-card/audit,/inventory/customer/service-card/audit,未声明/公共接口,no,TableDataInfo,待逐接口核验,erp-modules/erp-inventory/src/main/java/com/erp/inventory/controller/InvCustomerController.java:82,待生成版本化 OpenAPI 基线
BEAPI-0092,inventory,InvCustomerController,serviceCardOpsSummary,GET,/customer/service-card/ops-summary,/inventory/customer/service-card/ops-summary,未声明/公共接口,no,AjaxResult,待逐接口核验,erp-modules/erp-inventory/src/main/java/com/erp/inventory/controller/InvCustomerController.java:93,待生成版本化 OpenAPI 基线
BEAPI-0093,inventory,InvCustomerController,serviceCard,GET,/customer/service-card/{customerId},/inventory/customer/service-card/{customerId},未声明/公共接口,no,AjaxResult,待逐接口核验,erp-modules/erp-inventory/src/main/java/com/erp/inventory/controller/InvCustomerController.java:101,待生成版本化 OpenAPI 基线
BEAPI-0094,inventory,InvCustomerController,serviceCardPhoto,GET,/customer/service-card/{customerId}/photo,/inventory/customer/service-card/{customerId}/photo,未声明/公共接口,no,ResponseEntity<StreamingResponseBody>,待逐接口核验,erp-modules/erp-inventory/src/main/java/com/erp/inventory/controller/InvCustomerController.java:110,待生成版本化 OpenAPI 基线
BEAPI-0095,inventory,InvCustomerController,createServiceCard,POST,/customer/service-card,/inventory/customer/service-card,未声明/公共接口,yes,AjaxResult,待逐接口核验,erp-modules/erp-inventory/src/main/java/com/erp/inventory/controller/InvCustomerController.java:126,待生成版本化 OpenAPI 基线
BEAPI-0096,inventory,InvCustomerController,updateServiceCard,PUT,/customer/service-card/{customerId},/inventory/customer/service-card/{customerId},未声明/公共接口,yes,AjaxResult,待逐接口核验,erp-modules/erp-inventory/src/main/java/com/erp/inventory/controller/InvCustomerController.java:137,待生成版本化 OpenAPI 基线
BEAPI-0097,inventory,InvCustomerController,addServiceRecord,POST,/customer/service-card/{customerId}/records,/inventory/customer/service-card/{customerId}/records,未声明/公共接口,yes,AjaxResult,待逐接口核验,erp-modules/erp-inventory/src/main/java/com/erp/inventory/controller/InvCustomerController.java:149,待生成版本化 OpenAPI 基线
BEAPI-0098,inventory,InvCustomerController,archiveServiceCard,POST,/customer/service-card/{customerId}/archive,/inventory/customer/service-card/{customerId}/archive,未声明/公共接口,yes,AjaxResult,待逐接口核验,erp-modules/erp-inventory/src/main/java/com/erp/inventory/controller/InvCustomerController.java:161,待生成版本化 OpenAPI 基线
BEAPI-0099,inventory,InvCustomerController,list,GET,/customer/list,/inventory/customer/list,inv:customer:list,no,TableDataInfo,待逐接口核验,erp-modules/erp-inventory/src/main/java/com/erp/inventory/controller/InvCustomerController.java:170,待生成版本化 OpenAPI 基线
BEAPI-0100,inventory,InvCustomerController,getInfo,GET,/customer/{customerId},/inventory/customer/{customerId},inv:customer:query,no,AjaxResult,待逐接口核验,erp-modules/erp-inventory/src/main/java/com/erp/inventory/controller/InvCustomerController.java:180,待生成版本化 OpenAPI 基线
BEAPI-0101,inventory,InvCustomerController,add,POST,/customer,/inventory/customer,inv:customer:add,yes,AjaxResult,待逐接口核验,erp-modules/erp-inventory/src/main/java/com/erp/inventory/controller/InvCustomerController.java:190,待生成版本化 OpenAPI 基线
BEAPI-0102,inventory,InvCustomerController,edit,POST,/customer/update,/inventory/customer/update,inv:customer:edit,yes,AjaxResult,待逐接口核验,erp-modules/erp-inventory/src/main/java/com/erp/inventory/controller/InvCustomerController.java:200,待生成版本化 OpenAPI 基线
BEAPI-0103,inventory,InvCustomerController,remove,DELETE,/customer/{customerIds},/inventory/customer/{customerIds},inv:customer:remove,yes,AjaxResult,待逐接口核验,erp-modules/erp-inventory/src/main/java/com/erp/inventory/controller/InvCustomerController.java:210,待生成版本化 OpenAPI 基线
BEAPI-0104,inventory,InvCustomerController,export,POST,/customer/export,/inventory/customer/export,inv:customer:export,no,void,待逐接口核验,erp-modules/erp-inventory/src/main/java/com/erp/inventory/controller/InvCustomerController.java:220,待生成版本化 OpenAPI 基线
BEAPI-0105,inventory,InvDeliveryNoticeController,list,GET,/deliveryNotice/list,/inventory/deliveryNotice/list,未声明/公共接口,no,TableDataInfo,待逐接口核验,erp-modules/erp-inventory/src/main/java/com/erp/inventory/controller/InvDeliveryNoticeController.java:35,待生成版本化 OpenAPI 基线
BEAPI-0106,inventory,InvDeliveryNoticeController,detail,GET,/deliveryNotice/{noticeId},/inventory/deliveryNotice/{noticeId},未声明/公共接口,no,AjaxResult,待逐接口核验,erp-modules/erp-inventory/src/main/java/com/erp/inventory/controller/InvDeliveryNoticeController.java:44,待生成版本化 OpenAPI 基线
BEAPI-0107,inventory,InvDeliveryNoticeController,create,POST,/deliveryNotice/create/{salesOrderId},/inventory/deliveryNotice/create/{salesOrderId},未声明/公共接口,yes,AjaxResult,待逐接口核验,erp-modules/erp-inventory/src/main/java/com/erp/inventory/controller/InvDeliveryNoticeController.java:53,待生成版本化 OpenAPI 基线
BEAPI-0108,inventory,InvDeliveryNoticeController,deliver,POST,/deliveryNotice/deliver/{noticeId},/inventory/deliveryNotice/deliver/{noticeId},未声明/公共接口,yes,AjaxResult,待逐接口核验,erp-modules/erp-inventory/src/main/java/com/erp/inventory/controller/InvDeliveryNoticeController.java:63,待生成版本化 OpenAPI 基线
BEAPI-0109,inventory,InvDeliveryNoticeController,cancel,DELETE,/deliveryNotice/{noticeId},/inventory/deliveryNotice/{noticeId},未声明/公共接口,yes,AjaxResult,待逐接口核验,erp-modules/erp-inventory/src/main/java/com/erp/inventory/controller/InvDeliveryNoticeController.java:74,待生成版本化 OpenAPI 基线
BEAPI-0110,inventory,InvDeliveryNoticeController,export,POST,/deliveryNotice/export,/inventory/deliveryNotice/export,未声明/公共接口,no,void,待逐接口核验,erp-modules/erp-inventory/src/main/java/com/erp/inventory/controller/InvDeliveryNoticeController.java:83,待生成版本化 OpenAPI 基线
BEAPI-0111,inventory,InvDocumentStatusLogController,list,GET,/audit/list,/inventory/audit/list,inv:audit:list,no,TableDataInfo,待逐接口核验,erp-modules/erp-inventory/src/main/java/com/erp/inventory/controller/InvDocumentStatusLogController.java:23,待生成版本化 OpenAPI 基线
BEAPI-0112,inventory,InvGiftCategoryController,tree,GET,/gift/category/tree,/inventory/gift/category/tree,inv:transfer:add | inv:transfer:list,no,AjaxResult,待逐接口核验,erp-modules/erp-inventory/src/main/java/com/erp/inventory/controller/InvGiftCategoryController.java:33,待生成版本化 OpenAPI 基线
BEAPI-0113,inventory,InvGiftCategoryController,getInfo,GET,/gift/category/{categoryId},/inventory/gift/category/{categoryId},未声明/公共接口,no,AjaxResult,待逐接口核验,erp-modules/erp-inventory/src/main/java/com/erp/inventory/controller/InvGiftCategoryController.java:41,待生成版本化 OpenAPI 基线
BEAPI-0114,inventory,InvGiftCategoryController,add,POST,/gift/category,/inventory/gift/category,未声明/公共接口,yes,AjaxResult,待逐接口核验,erp-modules/erp-inventory/src/main/java/com/erp/inventory/controller/InvGiftCategoryController.java:50,待生成版本化 OpenAPI 基线
BEAPI-0115,inventory,InvGiftCategoryController,edit,POST,/gift/category/update,/inventory/gift/category/update,未声明/公共接口,yes,AjaxResult,待逐接口核验,erp-modules/erp-inventory/src/main/java/com/erp/inventory/controller/InvGiftCategoryController.java:59,待生成版本化 OpenAPI 基线
BEAPI-0116,inventory,InvGiftCategoryController,remove,DELETE,/gift/category/{categoryId},/inventory/gift/category/{categoryId},未声明/公共接口,yes,AjaxResult,待逐接口核验,erp-modules/erp-inventory/src/main/java/com/erp/inventory/controller/InvGiftCategoryController.java:68,待生成版本化 OpenAPI 基线
BEAPI-0117,inventory,InvGiftController,list,GET,/gift/list,/inventory/gift/list,inv:gift:list,no,TableDataInfo,待逐接口核验,erp-modules/erp-inventory/src/main/java/com/erp/inventory/controller/InvGiftController.java:37,待生成版本化 OpenAPI 基线
BEAPI-0118,inventory,InvGiftController,getInfo,GET,/gift/{giftId},/inventory/gift/{giftId},inv:gift:query,no,AjaxResult,待逐接口核验,erp-modules/erp-inventory/src/main/java/com/erp/inventory/controller/InvGiftController.java:46,待生成版本化 OpenAPI 基线
BEAPI-0119,inventory,InvGiftController,add,POST,/gift,/inventory/gift,inv:gift:add,yes,AjaxResult,待逐接口核验,erp-modules/erp-inventory/src/main/java/com/erp/inventory/controller/InvGiftController.java:55,待生成版本化 OpenAPI 基线
BEAPI-0120,inventory,InvGiftController,edit,POST,/gift/update,/inventory/gift/update,inv:gift:edit,yes,AjaxResult,待逐接口核验,erp-modules/erp-inventory/src/main/java/com/erp/inventory/controller/InvGiftController.java:64,待生成版本化 OpenAPI 基线
BEAPI-0121,inventory,InvGiftController,remove,DELETE,/gift/{giftIds},/inventory/gift/{giftIds},inv:gift:remove,yes,AjaxResult,待逐接口核验,erp-modules/erp-inventory/src/main/java/com/erp/inventory/controller/InvGiftController.java:73,待生成版本化 OpenAPI 基线
BEAPI-0122,inventory,InvGiftController,export,POST,/gift/export,/inventory/gift/export,inv:gift:export,no,void,待逐接口核验,erp-modules/erp-inventory/src/main/java/com/erp/inventory/controller/InvGiftController.java:82,待生成版本化 OpenAPI 基线
BEAPI-0123,inventory,InvGiftController,importData,POST,/gift/importData,/inventory/gift/importData,inv:gift:import,yes,AjaxResult,待逐接口核验,erp-modules/erp-inventory/src/main/java/com/erp/inventory/controller/InvGiftController.java:93,待生成版本化 OpenAPI 基线
BEAPI-0124,inventory,InvGiftController,importTemplate,POST,/gift/importTemplate,/inventory/gift/importTemplate,inv:gift:template,no,void,待逐接口核验,erp-modules/erp-inventory/src/main/java/com/erp/inventory/controller/InvGiftController.java:103,待生成版本化 OpenAPI 基线
BEAPI-0125,inventory,InvMobileController,options,GET,/mobile/options/{type},/inventory/mobile/options/{type},inv:customer:list | inv:product:list | inv:stock:list | inv:supplier:list,no,AjaxResult,待逐接口核验,erp-modules/erp-inventory/src/main/java/com/erp/inventory/controller/InvMobileController.java:27,待生成版本化 OpenAPI 基线
BEAPI-0126,inventory,InvMobileController,workbenchSummary,GET,/mobile/workbench/summary,/inventory/mobile/workbench/summary,未声明/公共接口,no,AjaxResult,待逐接口核验,erp-modules/erp-inventory/src/main/java/com/erp/inventory/controller/InvMobileController.java:34,待生成版本化 OpenAPI 基线
BEAPI-0127,inventory,InvMobileController,transferApprovalTodos,GET,/mobile/transfer-approval/todo,/inventory/mobile/transfer-approval/todo,inv:transfer:approve,no,TableDataInfo,待逐接口核验,erp-modules/erp-inventory/src/main/java/com/erp/inventory/controller/InvMobileController.java:41,待生成版本化 OpenAPI 基线
BEAPI-0128,inventory,InvOeCategoryController,tree,GET,/oe/category/tree,/inventory/oe/category/tree,未声明/公共接口,no,AjaxResult,待逐接口核验,erp-modules/erp-inventory/src/main/java/com/erp/inventory/controller/InvOeCategoryController.java:32,待生成版本化 OpenAPI 基线
BEAPI-0129,inventory,InvOeCategoryController,getInfo,GET,/oe/category/{categoryId},/inventory/oe/category/{categoryId},未声明/公共接口,no,AjaxResult,待逐接口核验,erp-modules/erp-inventory/src/main/java/com/erp/inventory/controller/InvOeCategoryController.java:40,待生成版本化 OpenAPI 基线
BEAPI-0130,inventory,InvOeCategoryController,add,POST,/oe/category,/inventory/oe/category,未声明/公共接口,yes,AjaxResult,待逐接口核验,erp-modules/erp-inventory/src/main/java/com/erp/inventory/controller/InvOeCategoryController.java:49,待生成版本化 OpenAPI 基线
BEAPI-0131,inventory,InvOeCategoryController,edit,POST,/oe/category/update,/inventory/oe/category/update,未声明/公共接口,yes,AjaxResult,待逐接口核验,erp-modules/erp-inventory/src/main/java/com/erp/inventory/controller/InvOeCategoryController.java:58,待生成版本化 OpenAPI 基线
BEAPI-0132,inventory,InvOeCategoryController,remove,DELETE,/oe/category/{categoryId},/inventory/oe/category/{categoryId},未声明/公共接口,yes,AjaxResult,待逐接口核验,erp-modules/erp-inventory/src/main/java/com/erp/inventory/controller/InvOeCategoryController.java:67,待生成版本化 OpenAPI 基线
BEAPI-0133,inventory,InvOeController,list,GET,/oe/list,/inventory/oe/list,inv:oe:list,no,TableDataInfo,待逐接口核验,erp-modules/erp-inventory/src/main/java/com/erp/inventory/controller/InvOeController.java:37,待生成版本化 OpenAPI 基线
BEAPI-0134,inventory,InvOeController,getInfo,GET,/oe/{oeItemId},/inventory/oe/{oeItemId},inv:oe:query,no,AjaxResult,待逐接口核验,erp-modules/erp-inventory/src/main/java/com/erp/inventory/controller/InvOeController.java:46,待生成版本化 OpenAPI 基线
BEAPI-0135,inventory,InvOeController,add,POST,/oe,/inventory/oe,inv:oe:add,yes,AjaxResult,待逐接口核验,erp-modules/erp-inventory/src/main/java/com/erp/inventory/controller/InvOeController.java:55,待生成版本化 OpenAPI 基线
BEAPI-0136,inventory,InvOeController,edit,POST,/oe/update,/inventory/oe/update,inv:oe:edit,yes,AjaxResult,待逐接口核验,erp-modules/erp-inventory/src/main/java/com/erp/inventory/controller/InvOeController.java:64,待生成版本化 OpenAPI 基线
BEAPI-0137,inventory,InvOeController,remove,DELETE,/oe/{oeItemIds},/inventory/oe/{oeItemIds},inv:oe:remove,yes,AjaxResult,待逐接口核验,erp-modules/erp-inventory/src/main/java/com/erp/inventory/controller/InvOeController.java:73,待生成版本化 OpenAPI 基线
BEAPI-0138,inventory,InvOeController,export,POST,/oe/export,/inventory/oe/export,inv:oe:export,no,void,待逐接口核验,erp-modules/erp-inventory/src/main/java/com/erp/inventory/controller/InvOeController.java:82,待生成版本化 OpenAPI 基线
BEAPI-0139,inventory,InvOeController,importData,POST,/oe/importData,/inventory/oe/importData,inv:oe:import,yes,AjaxResult,待逐接口核验,erp-modules/erp-inventory/src/main/java/com/erp/inventory/controller/InvOeController.java:93,待生成版本化 OpenAPI 基线
BEAPI-0140,inventory,InvOeController,importTemplate,POST,/oe/importTemplate,/inventory/oe/importTemplate,inv:oe:template,no,void,待逐接口核验,erp-modules/erp-inventory/src/main/java/com/erp/inventory/controller/InvOeController.java:103,待生成版本化 OpenAPI 基线
BEAPI-0141,inventory,InvOeReplenishmentController,list,GET,/oeReplenishment/list,/inventory/oeReplenishment/list,未声明/公共接口,no,TableDataInfo,待逐接口核验,erp-modules/erp-inventory/src/main/java/com/erp/inventory/controller/InvOeReplenishmentController.java:35,待生成版本化 OpenAPI 基线
BEAPI-0142,inventory,InvOeReplenishmentController,opsStats,GET,/oeReplenishment/ops-stats,/inventory/oeReplenishment/ops-stats,未声明/公共接口,no,AjaxResult,待逐接口核验,erp-modules/erp-inventory/src/main/java/com/erp/inventory/controller/InvOeReplenishmentController.java:46,待生成版本化 OpenAPI 基线
BEAPI-0143,inventory,InvOeReplenishmentController,getInfo,GET,/oeReplenishment/{demandId},/inventory/oeReplenishment/{demandId},未声明/公共接口,no,AjaxResult,待逐接口核验,erp-modules/erp-inventory/src/main/java/com/erp/inventory/controller/InvOeReplenishmentController.java:53,待生成版本化 OpenAPI 基线
BEAPI-0144,inventory,InvOeReplenishmentController,markOutOfStock,POST,/oeReplenishment/{demandId}/out-of-stock,/inventory/oeReplenishment/{demandId}/out-of-stock,未声明/公共接口,yes,AjaxResult,待逐接口核验,erp-modules/erp-inventory/src/main/java/com/erp/inventory/controller/InvOeReplenishmentController.java:64,待生成版本化 OpenAPI 基线
BEAPI-0145,inventory,InvOeReplenishmentController,close,POST,/oeReplenishment/{demandId}/close,/inventory/oeReplenishment/{demandId}/close,未声明/公共接口,yes,AjaxResult,待逐接口核验,erp-modules/erp-inventory/src/main/java/com/erp/inventory/controller/InvOeReplenishmentController.java:77,待生成版本化 OpenAPI 基线
BEAPI-0146,inventory,InvOeReplenishmentController,createTransfer,POST,/oeReplenishment/{demandId}/transfers,/inventory/oeReplenishment/{demandId}/transfers,未声明/公共接口,yes,AjaxResult,待逐接口核验,erp-modules/erp-inventory/src/main/java/com/erp/inventory/controller/InvOeReplenishmentController.java:89,待生成版本化 OpenAPI 基线
BEAPI-0147,inventory,InvOeReplenishmentInternalController,receiveEvent,POST,/oeReplenishment/inner/events,/inventory/oeReplenishment/inner/events,未声明/公共接口,no,R<Long>,待逐接口核验,erp-modules/erp-inventory/src/main/java/com/erp/inventory/controller/InvOeReplenishmentInternalController.java:26,待生成版本化 OpenAPI 基线
BEAPI-0148,inventory,InvProductCategoryController,tree,GET,/category/tree,/inventory/category/tree,inv:category:list | inv:category:tree,no,AjaxResult,待逐接口核验,erp-modules/erp-inventory/src/main/java/com/erp/inventory/controller/InvProductCategoryController.java:33,待生成版本化 OpenAPI 基线
BEAPI-0149,inventory,InvProductCategoryController,getInfo,GET,/category/{categoryId},/inventory/category/{categoryId},inv:category:query,no,AjaxResult,待逐接口核验,erp-modules/erp-inventory/src/main/java/com/erp/inventory/controller/InvProductCategoryController.java:42,待生成版本化 OpenAPI 基线
BEAPI-0150,inventory,InvProductCategoryController,add,POST,/category,/inventory/category,inv:category:add,yes,AjaxResult,待逐接口核验,erp-modules/erp-inventory/src/main/java/com/erp/inventory/controller/InvProductCategoryController.java:53,待生成版本化 OpenAPI 基线
BEAPI-0151,inventory,InvProductCategoryController,edit,POST,/category/update,/inventory/category/update,inv:category:edit,yes,AjaxResult,待逐接口核验,erp-modules/erp-inventory/src/main/java/com/erp/inventory/controller/InvProductCategoryController.java:64,待生成版本化 OpenAPI 基线
BEAPI-0152,inventory,InvProductCategoryController,remove,DELETE,/category/{categoryId},/inventory/category/{categoryId},inv:category:remove,yes,AjaxResult,待逐接口核验,erp-modules/erp-inventory/src/main/java/com/erp/inventory/controller/InvProductCategoryController.java:75,待生成版本化 OpenAPI 基线
BEAPI-0153,inventory,InvProductController,list,GET,/product/list,/inventory/product/list,inv:cost:view | inv:product:list,no,TableDataInfo,待逐接口核验,erp-modules/erp-inventory/src/main/java/com/erp/inventory/controller/InvProductController.java:44,待生成版本化 OpenAPI 基线
BEAPI-0154,inventory,InvProductController,getInfo,GET,/product/{productId},/inventory/product/{productId},inv:product:query,no,AjaxResult,待逐接口核验,erp-modules/erp-inventory/src/main/java/com/erp/inventory/controller/InvProductController.java:55,待生成版本化 OpenAPI 基线
BEAPI-0155,inventory,InvProductController,add,POST,/product,/inventory/product,inv:product:add,yes,AjaxResult,待逐接口核验,erp-modules/erp-inventory/src/main/java/com/erp/inventory/controller/InvProductController.java:67,待生成版本化 OpenAPI 基线
BEAPI-0156,inventory,InvProductController,edit,POST,/product/update,/inventory/product/update,inv:product:edit,yes,AjaxResult,待逐接口核验,erp-modules/erp-inventory/src/main/java/com/erp/inventory/controller/InvProductController.java:80,待生成版本化 OpenAPI 基线
BEAPI-0157,inventory,InvProductController,remove,DELETE,/product/{productIds},/inventory/product/{productIds},inv:product:remove,yes,AjaxResult,待逐接口核验,erp-modules/erp-inventory/src/main/java/com/erp/inventory/controller/InvProductController.java:93,待生成版本化 OpenAPI 基线
BEAPI-0158,inventory,InvProductController,export,POST,/product/export,/inventory/product/export,inv:product:export,no,void,待逐接口核验,erp-modules/erp-inventory/src/main/java/com/erp/inventory/controller/InvProductController.java:104,待生成版本化 OpenAPI 基线
BEAPI-0159,inventory,InvProductController,importData,POST,/product/importData,/inventory/product/importData,inv:product:import,yes,AjaxResult,待逐接口核验,erp-modules/erp-inventory/src/main/java/com/erp/inventory/controller/InvProductController.java:114,待生成版本化 OpenAPI 基线
BEAPI-0160,inventory,InvProductController,importTemplate,POST,/product/importTemplate,/inventory/product/importTemplate,未声明/公共接口,no,void,待逐接口核验,erp-modules/erp-inventory/src/main/java/com/erp/inventory/controller/InvProductController.java:140,待生成版本化 OpenAPI 基线
BEAPI-0161,inventory,InvPurchaseController,save,POST,/purchase/save,/inventory/purchase/save,inv:purchase:add,yes,AjaxResult,待逐接口核验,erp-modules/erp-inventory/src/main/java/com/erp/inventory/controller/InvPurchaseController.java:43,待生成版本化 OpenAPI 基线
BEAPI-0162,inventory,InvPurchaseController,submit,POST,/purchase/submit,/inventory/purchase/submit,inv:purchase:add | inv:purchase:submit,yes,AjaxResult,待逐接口核验,erp-modules/erp-inventory/src/main/java/com/erp/inventory/controller/InvPurchaseController.java:54,待生成版本化 OpenAPI 基线
BEAPI-0163,inventory,InvPurchaseController,submitSaved,POST,/purchase/submit/{orderId},/inventory/purchase/submit/{orderId},inv:purchase:submit,yes,AjaxResult,待逐接口核验,erp-modules/erp-inventory/src/main/java/com/erp/inventory/controller/InvPurchaseController.java:65,待生成版本化 OpenAPI 基线
BEAPI-0164,inventory,InvPurchaseController,list,GET,/purchase/list,/inventory/purchase/list,inv:purchase:list,no,TableDataInfo,待逐接口核验,erp-modules/erp-inventory/src/main/java/com/erp/inventory/controller/InvPurchaseController.java:74,待生成版本化 OpenAPI 基线
BEAPI-0165,inventory,InvPurchaseController,myList,GET,/purchase/my,/inventory/purchase/my,inv:purchase:list,no,TableDataInfo,待逐接口核验,erp-modules/erp-inventory/src/main/java/com/erp/inventory/controller/InvPurchaseController.java:85,待生成版本化 OpenAPI 基线
BEAPI-0166,inventory,InvPurchaseController,detail,GET,/purchase/{orderId},/inventory/purchase/{orderId},inv:purchase:query,no,AjaxResult,待逐接口核验,erp-modules/erp-inventory/src/main/java/com/erp/inventory/controller/InvPurchaseController.java:96,待生成版本化 OpenAPI 基线
BEAPI-0167,inventory,InvPurchaseController,suppliers,GET,/purchase/catalog/suppliers,/inventory/purchase/catalog/suppliers,inv:purchase:add,no,TableDataInfo,待逐接口核验,erp-modules/erp-inventory/src/main/java/com/erp/inventory/controller/InvPurchaseController.java:105,待生成版本化 OpenAPI 基线
BEAPI-0168,inventory,InvPurchaseController,products,GET,/purchase/catalog/products,/inventory/purchase/catalog/products,inv:purchase:add,no,TableDataInfo,待逐接口核验,erp-modules/erp-inventory/src/main/java/com/erp/inventory/controller/InvPurchaseController.java:115,待生成版本化 OpenAPI 基线
BEAPI-0169,inventory,InvPurchaseController,oeItems,GET,/purchase/catalog/oe,/inventory/purchase/catalog/oe,inv:purchase:add,no,TableDataInfo,待逐接口核验,erp-modules/erp-inventory/src/main/java/com/erp/inventory/controller/InvPurchaseController.java:125,待生成版本化 OpenAPI 基线
BEAPI-0170,inventory,InvPurchaseController,gifts,GET,/purchase/catalog/gifts,/inventory/purchase/catalog/gifts,inv:purchase:add,no,TableDataInfo,待逐接口核验,erp-modules/erp-inventory/src/main/java/com/erp/inventory/controller/InvPurchaseController.java:135,待生成版本化 OpenAPI 基线
BEAPI-0171,inventory,InvPurchaseController,receive,POST,/purchase/receive/{orderId},/inventory/purchase/receive/{orderId},inv:purchase:receive,yes,AjaxResult,待逐接口核验,erp-modules/erp-inventory/src/main/java/com/erp/inventory/controller/InvPurchaseController.java:147,待生成版本化 OpenAPI 基线
BEAPI-0172,inventory,InvPurchaseController,receiptBatches,GET,/purchase/{orderId}/receipt-batches,/inventory/purchase/{orderId}/receipt-batches,inv:purchase:query,no,AjaxResult,待逐接口核验,erp-modules/erp-inventory/src/main/java/com/erp/inventory/controller/InvPurchaseController.java:158,待生成版本化 OpenAPI 基线
BEAPI-0173,inventory,InvPurchaseController,pendingReceiptBatches,GET,/purchase/{orderId}/receipt-batches/pending,/inventory/purchase/{orderId}/receipt-batches/pending,inv:purchase:qc,no,AjaxResult,待逐接口核验,erp-modules/erp-inventory/src/main/java/com/erp/inventory/controller/InvPurchaseController.java:167,待生成版本化 OpenAPI 基线
BEAPI-0174,inventory,InvPurchaseController,qualityCheckBatch,POST,/purchase/qc/batch/{orderId},/inventory/purchase/qc/batch/{orderId},inv:purchase:qc,yes,AjaxResult,待逐接口核验,erp-modules/erp-inventory/src/main/java/com/erp/inventory/controller/InvPurchaseController.java:178,待生成版本化 OpenAPI 基线
BEAPI-0175,inventory,InvPurchaseController,qualityCheck,POST,/purchase/qc/{orderId},/inventory/purchase/qc/{orderId},inv:purchase:qc,yes,AjaxResult,待逐接口核验,erp-modules/erp-inventory/src/main/java/com/erp/inventory/controller/InvPurchaseController.java:191,待生成版本化 OpenAPI 基线
BEAPI-0176,inventory,InvPurchaseController,delete,DELETE,/purchase/delete/{orderId},/inventory/purchase/delete/{orderId},inv:purchase:remove,yes,AjaxResult,待逐接口核验,erp-modules/erp-inventory/src/main/java/com/erp/inventory/controller/InvPurchaseController.java:210,待生成版本化 OpenAPI 基线
BEAPI-0177,inventory,InvPurchaseController,cancel,DELETE,/purchase/{orderId},/inventory/purchase/{orderId},inv:purchase:remove,yes,AjaxResult,待逐接口核验,erp-modules/erp-inventory/src/main/java/com/erp/inventory/controller/InvPurchaseController.java:222,待生成版本化 OpenAPI 基线
BEAPI-0178,inventory,InvPurchaseController,export,POST,/purchase/export,/inventory/purchase/export,inv:purchase:export,no,void,待逐接口核验,erp-modules/erp-inventory/src/main/java/com/erp/inventory/controller/InvPurchaseController.java:233,待生成版本化 OpenAPI 基线
BEAPI-0179,inventory,InvPurchaseReturnController,list,GET,/purchaseReturn/list,/inventory/purchaseReturn/list,未声明/公共接口,no,TableDataInfo,待逐接口核验,erp-modules/erp-inventory/src/main/java/com/erp/inventory/controller/InvPurchaseReturnController.java:36,待生成版本化 OpenAPI 基线
BEAPI-0180,inventory,InvPurchaseReturnController,my,GET,/purchaseReturn/my,/inventory/purchaseReturn/my,未声明/公共接口,no,TableDataInfo,待逐接口核验,erp-modules/erp-inventory/src/main/java/com/erp/inventory/controller/InvPurchaseReturnController.java:47,待生成版本化 OpenAPI 基线
BEAPI-0181,inventory,InvPurchaseReturnController,sourceOrders,GET,/purchaseReturn/source-orders,/inventory/purchaseReturn/source-orders,未声明/公共接口,no,TableDataInfo,待逐接口核验,erp-modules/erp-inventory/src/main/java/com/erp/inventory/controller/InvPurchaseReturnController.java:58,待生成版本化 OpenAPI 基线
BEAPI-0182,inventory,InvPurchaseReturnController,sourceOrder,GET,/purchaseReturn/source-orders/{orderId},/inventory/purchaseReturn/source-orders/{orderId},未声明/公共接口,no,AjaxResult,待逐接口核验,erp-modules/erp-inventory/src/main/java/com/erp/inventory/controller/InvPurchaseReturnController.java:69,待生成版本化 OpenAPI 基线
BEAPI-0183,inventory,InvPurchaseReturnController,getInfo,GET,/purchaseReturn/{returnId},/inventory/purchaseReturn/{returnId},未声明/公共接口,no,AjaxResult,待逐接口核验,erp-modules/erp-inventory/src/main/java/com/erp/inventory/controller/InvPurchaseReturnController.java:79,待生成版本化 OpenAPI 基线
BEAPI-0184,inventory,InvPurchaseReturnController,save,POST,/purchaseReturn/save,/inventory/purchaseReturn/save,未声明/公共接口,yes,AjaxResult,待逐接口核验,erp-modules/erp-inventory/src/main/java/com/erp/inventory/controller/InvPurchaseReturnController.java:90,待生成版本化 OpenAPI 基线
BEAPI-0185,inventory,InvPurchaseReturnController,submit,POST,/purchaseReturn/submit,/inventory/purchaseReturn/submit,未声明/公共接口,yes,AjaxResult,待逐接口核验,erp-modules/erp-inventory/src/main/java/com/erp/inventory/controller/InvPurchaseReturnController.java:101,待生成版本化 OpenAPI 基线
BEAPI-0186,inventory,InvPurchaseReturnController,submitSaved,POST,/purchaseReturn/submit/{returnId},/inventory/purchaseReturn/submit/{returnId},未声明/公共接口,yes,AjaxResult,待逐接口核验,erp-modules/erp-inventory/src/main/java/com/erp/inventory/controller/InvPurchaseReturnController.java:112,待生成版本化 OpenAPI 基线
BEAPI-0187,inventory,InvPurchaseReturnController,confirm,POST,/purchaseReturn/confirm/{returnId},/inventory/purchaseReturn/confirm/{returnId},未声明/公共接口,yes,AjaxResult,待逐接口核验,erp-modules/erp-inventory/src/main/java/com/erp/inventory/controller/InvPurchaseReturnController.java:124,待生成版本化 OpenAPI 基线
BEAPI-0188,inventory,InvPurchaseReturnController,remove,DELETE,/purchaseReturn/{returnId},/inventory/purchaseReturn/{returnId},未声明/公共接口,yes,AjaxResult,待逐接口核验,erp-modules/erp-inventory/src/main/java/com/erp/inventory/controller/InvPurchaseReturnController.java:136,待生成版本化 OpenAPI 基线
BEAPI-0189,inventory,InvPurchaseReturnController,export,POST,/purchaseReturn/export,/inventory/purchaseReturn/export,未声明/公共接口,no,void,待逐接口核验,erp-modules/erp-inventory/src/main/java/com/erp/inventory/controller/InvPurchaseReturnController.java:147,待生成版本化 OpenAPI 基线
BEAPI-0190,inventory,InvReportController,summary,GET,/report/summary,/inventory/report/summary,inv:cost:view | inv:report:list,no,AjaxResult,待逐接口核验,erp-modules/erp-inventory/src/main/java/com/erp/inventory/controller/InvReportController.java:37,待生成版本化 OpenAPI 基线
BEAPI-0191,inventory,InvReportController,stockWarning,GET,/report/stock-warning,/inventory/report/stock-warning,inv:report:list,no,TableDataInfo,待逐接口核验,erp-modules/erp-inventory/src/main/java/com/erp/inventory/controller/InvReportController.java:48,待生成版本化 OpenAPI 基线
BEAPI-0192,inventory,InvReportController,productOptions,GET,/report/product-options,/inventory/report/product-options,inv:report:list,no,AjaxResult,待逐接口核验,erp-modules/erp-inventory/src/main/java/com/erp/inventory/controller/InvReportController.java:59,待生成版本化 OpenAPI 基线
BEAPI-0193,inventory,InvReportController,exportStockWarning,POST,/report/stock-warning/export,/inventory/report/stock-warning/export,inv:report:export,no,void,待逐接口核验,erp-modules/erp-inventory/src/main/java/com/erp/inventory/controller/InvReportController.java:73,待生成版本化 OpenAPI 基线
BEAPI-0194,inventory,InvSalesController,save,POST,/sales/save,/inventory/sales/save,inv:sales:add,yes,AjaxResult,待逐接口核验,erp-modules/erp-inventory/src/main/java/com/erp/inventory/controller/InvSalesController.java:36,待生成版本化 OpenAPI 基线
BEAPI-0195,inventory,InvSalesController,submit,POST,/sales/submit,/inventory/sales/submit,inv:sales:submit,yes,AjaxResult,待逐接口核验,erp-modules/erp-inventory/src/main/java/com/erp/inventory/controller/InvSalesController.java:45,待生成版本化 OpenAPI 基线
BEAPI-0196,inventory,InvSalesController,list,GET,/sales/list,/inventory/sales/list,inv:sales:list,no,TableDataInfo,待逐接口核验,erp-modules/erp-inventory/src/main/java/com/erp/inventory/controller/InvSalesController.java:52,待生成版本化 OpenAPI 基线
BEAPI-0197,inventory,InvSalesController,myList,GET,/sales/my,/inventory/sales/my,inv:sales:list,no,TableDataInfo,待逐接口核验,erp-modules/erp-inventory/src/main/java/com/erp/inventory/controller/InvSalesController.java:61,待生成版本化 OpenAPI 基线
BEAPI-0198,inventory,InvSalesController,detail,GET,/sales/{orderId},/inventory/sales/{orderId},inv:sales:query,no,AjaxResult,待逐接口核验,erp-modules/erp-inventory/src/main/java/com/erp/inventory/controller/InvSalesController.java:70,待生成版本化 OpenAPI 基线
BEAPI-0199,inventory,InvSalesController,deliver,POST,/sales/deliver/{orderId},/inventory/sales/deliver/{orderId},inv:sales:deliver,no,AjaxResult,待逐接口核验,erp-modules/erp-inventory/src/main/java/com/erp/inventory/controller/InvSalesController.java:78,待生成版本化 OpenAPI 基线
BEAPI-0200,inventory,InvSalesController,cancel,DELETE,/sales/{orderId},/inventory/sales/{orderId},inv:sales:remove,yes,AjaxResult,待逐接口核验,erp-modules/erp-inventory/src/main/java/com/erp/inventory/controller/InvSalesController.java:87,待生成版本化 OpenAPI 基线
BEAPI-0201,inventory,InvSalesController,export,POST,/sales/export,/inventory/sales/export,inv:sales:export,no,void,待逐接口核验,erp-modules/erp-inventory/src/main/java/com/erp/inventory/controller/InvSalesController.java:96,待生成版本化 OpenAPI 基线
BEAPI-0202,inventory,InvSalesReturnController,list,GET,/salesReturn/list,/inventory/salesReturn/list,未声明/公共接口,no,TableDataInfo,待逐接口核验,erp-modules/erp-inventory/src/main/java/com/erp/inventory/controller/InvSalesReturnController.java:35,待生成版本化 OpenAPI 基线
BEAPI-0203,inventory,InvSalesReturnController,my,GET,/salesReturn/my,/inventory/salesReturn/my,未声明/公共接口,no,TableDataInfo,待逐接口核验,erp-modules/erp-inventory/src/main/java/com/erp/inventory/controller/InvSalesReturnController.java:44,待生成版本化 OpenAPI 基线
BEAPI-0204,inventory,InvSalesReturnController,getInfo,GET,/salesReturn/{returnId},/inventory/salesReturn/{returnId},未声明/公共接口,no,AjaxResult,待逐接口核验,erp-modules/erp-inventory/src/main/java/com/erp/inventory/controller/InvSalesReturnController.java:53,待生成版本化 OpenAPI 基线
BEAPI-0205,inventory,InvSalesReturnController,save,POST,/salesReturn/save,/inventory/salesReturn/save,未声明/公共接口,yes,AjaxResult,待逐接口核验,erp-modules/erp-inventory/src/main/java/com/erp/inventory/controller/InvSalesReturnController.java:62,待生成版本化 OpenAPI 基线
BEAPI-0206,inventory,InvSalesReturnController,submit,POST,/salesReturn/submit,/inventory/salesReturn/submit,未声明/公共接口,yes,AjaxResult,待逐接口核验,erp-modules/erp-inventory/src/main/java/com/erp/inventory/controller/InvSalesReturnController.java:71,待生成版本化 OpenAPI 基线
BEAPI-0207,inventory,InvSalesReturnController,confirm,POST,/salesReturn/confirm/{returnId},/inventory/salesReturn/confirm/{returnId},未声明/公共接口,yes,AjaxResult,待逐接口核验,erp-modules/erp-inventory/src/main/java/com/erp/inventory/controller/InvSalesReturnController.java:80,待生成版本化 OpenAPI 基线
BEAPI-0208,inventory,InvSalesReturnController,remove,DELETE,/salesReturn/{returnId},/inventory/salesReturn/{returnId},未声明/公共接口,yes,AjaxResult,待逐接口核验,erp-modules/erp-inventory/src/main/java/com/erp/inventory/controller/InvSalesReturnController.java:90,待生成版本化 OpenAPI 基线
BEAPI-0209,inventory,InvSalesReturnController,export,POST,/salesReturn/export,/inventory/salesReturn/export,未声明/公共接口,no,void,待逐接口核验,erp-modules/erp-inventory/src/main/java/com/erp/inventory/controller/InvSalesReturnController.java:99,待生成版本化 OpenAPI 基线
BEAPI-0210,inventory,InvStockCheckApprovalStartOutboxController,list,GET,/stockCheck/approval-start-outbox/list,/inventory/stockCheck/approval-start-outbox/list,未声明/公共接口,no,TableDataInfo,待逐接口核验,erp-modules/erp-inventory/src/main/java/com/erp/inventory/controller/InvStockCheckApprovalStartOutboxController.java:41,待生成版本化 OpenAPI 基线
BEAPI-0211,inventory,InvStockCheckApprovalStartOutboxController,summary,GET,/stockCheck/approval-start-outbox/summary,/inventory/stockCheck/approval-start-outbox/summary,未声明/公共接口,no,AjaxResult,待逐接口核验,erp-modules/erp-inventory/src/main/java/com/erp/inventory/controller/InvStockCheckApprovalStartOutboxController.java:49,待生成版本化 OpenAPI 基线
BEAPI-0212,inventory,InvStockCheckApprovalStartOutboxController,replay,POST,/stockCheck/approval-start-outbox/{outboxId}/replay,/inventory/stockCheck/approval-start-outbox/{outboxId}/replay,未声明/公共接口,yes,AjaxResult,待逐接口核验,erp-modules/erp-inventory/src/main/java/com/erp/inventory/controller/InvStockCheckApprovalStartOutboxController.java:59,待生成版本化 OpenAPI 基线
BEAPI-0213,inventory,InvStockCheckController,list,GET,/stockCheck/list,/inventory/stockCheck/list,inv:cost:view,no,TableDataInfo,待逐接口核验,erp-modules/erp-inventory/src/main/java/com/erp/inventory/controller/InvStockCheckController.java:49,待生成版本化 OpenAPI 基线
BEAPI-0214,inventory,InvStockCheckController,detail,GET,/stockCheck/{checkId},/inventory/stockCheck/{checkId},未声明/公共接口,no,AjaxResult,待逐接口核验,erp-modules/erp-inventory/src/main/java/com/erp/inventory/controller/InvStockCheckController.java:63,待生成版本化 OpenAPI 基线
BEAPI-0215,inventory,InvStockCheckController,create,POST,/stockCheck/create,/inventory/stockCheck/create,未声明/公共接口,yes,AjaxResult,待逐接口核验,erp-modules/erp-inventory/src/main/java/com/erp/inventory/controller/InvStockCheckController.java:75,待生成版本化 OpenAPI 基线
BEAPI-0216,inventory,InvStockCheckController,counterCandidates,GET,/stockCheck/counter-candidates,/inventory/stockCheck/counter-candidates,未声明/公共接口,no,AjaxResult,待逐接口核验,erp-modules/erp-inventory/src/main/java/com/erp/inventory/controller/InvStockCheckController.java:86,待生成版本化 OpenAPI 基线
BEAPI-0217,inventory,InvStockCheckController,assign,PUT,/stockCheck/{checkId}/assignment,/inventory/stockCheck/{checkId}/assignment,未声明/公共接口,yes,AjaxResult,待逐接口核验,erp-modules/erp-inventory/src/main/java/com/erp/inventory/controller/InvStockCheckController.java:100,待生成版本化 OpenAPI 基线
BEAPI-0218,inventory,InvStockCheckController,input,POST,/stockCheck/input/{checkId},/inventory/stockCheck/input/{checkId},未声明/公共接口,yes,AjaxResult,待逐接口核验,erp-modules/erp-inventory/src/main/java/com/erp/inventory/controller/InvStockCheckController.java:113,待生成版本化 OpenAPI 基线
BEAPI-0219,inventory,InvStockCheckController,submit,POST,/stockCheck/submit/{checkId},/inventory/stockCheck/submit/{checkId},未声明/公共接口,yes,AjaxResult,待逐接口核验,erp-modules/erp-inventory/src/main/java/com/erp/inventory/controller/InvStockCheckController.java:126,待生成版本化 OpenAPI 基线
BEAPI-0220,inventory,InvStockCheckController,restart,POST,/stockCheck/restart/{checkId},/inventory/stockCheck/restart/{checkId},未声明/公共接口,yes,AjaxResult,待逐接口核验,erp-modules/erp-inventory/src/main/java/com/erp/inventory/controller/InvStockCheckController.java:142,待生成版本化 OpenAPI 基线
BEAPI-0221,inventory,InvStockCheckController,approvalTodo,GET,/stockCheck/approval/todo,/inventory/stockCheck/approval/todo,未声明/公共接口,no,TableDataInfo,待逐接口核验,erp-modules/erp-inventory/src/main/java/com/erp/inventory/controller/InvStockCheckController.java:154,待生成版本化 OpenAPI 基线
BEAPI-0222,inventory,InvStockCheckController,approve,POST,/stockCheck/approval/{checkId}/approve,/inventory/stockCheck/approval/{checkId}/approve,未声明/公共接口,yes,AjaxResult,待逐接口核验,erp-modules/erp-inventory/src/main/java/com/erp/inventory/controller/InvStockCheckController.java:169,待生成版本化 OpenAPI 基线
BEAPI-0223,inventory,InvStockCheckController,reject,POST,/stockCheck/approval/{checkId}/reject,/inventory/stockCheck/approval/{checkId}/reject,未声明/公共接口,yes,AjaxResult,待逐接口核验,erp-modules/erp-inventory/src/main/java/com/erp/inventory/controller/InvStockCheckController.java:184,待生成版本化 OpenAPI 基线
BEAPI-0224,inventory,InvStockCheckController,approvalTrack,GET,/stockCheck/{checkId}/approval-track,/inventory/stockCheck/{checkId}/approval-track,未声明/公共接口,no,AjaxResult,待逐接口核验,erp-modules/erp-inventory/src/main/java/com/erp/inventory/controller/InvStockCheckController.java:199,待生成版本化 OpenAPI 基线
BEAPI-0225,inventory,InvStockCheckController,cancel,POST,/stockCheck/cancel/{checkId},/inventory/stockCheck/cancel/{checkId},未声明/公共接口,yes,AjaxResult,待逐接口核验,erp-modules/erp-inventory/src/main/java/com/erp/inventory/controller/InvStockCheckController.java:211,待生成版本化 OpenAPI 基线
BEAPI-0226,inventory,InvStockCheckController,withdraw,POST,/stockCheck/{checkId}/withdraw,/inventory/stockCheck/{checkId}/withdraw,未声明/公共接口,yes,AjaxResult,待逐接口核验,erp-modules/erp-inventory/src/main/java/com/erp/inventory/controller/InvStockCheckController.java:223,待生成版本化 OpenAPI 基线
BEAPI-0227,inventory,InvStockCheckController,delete,DELETE,/stockCheck/{checkIds},/inventory/stockCheck/{checkIds},未声明/公共接口,yes,AjaxResult,待逐接口核验,erp-modules/erp-inventory/src/main/java/com/erp/inventory/controller/InvStockCheckController.java:235,待生成版本化 OpenAPI 基线
BEAPI-0228,inventory,InvStockCheckController,export,POST,/stockCheck/export,/inventory/stockCheck/export,未声明/公共接口,no,void,待逐接口核验,erp-modules/erp-inventory/src/main/java/com/erp/inventory/controller/InvStockCheckController.java:246,待生成版本化 OpenAPI 基线
BEAPI-0229,inventory,InvStockController,list,GET,/stock/list,/inventory/stock/list,inv:cost:view | inv:stock:list,no,TableDataInfo,待逐接口核验,erp-modules/erp-inventory/src/main/java/com/erp/inventory/controller/InvStockController.java:41,待生成版本化 OpenAPI 基线
BEAPI-0230,inventory,InvStockController,summary,GET,/stock/summary,/inventory/stock/summary,inv:stock:list,no,AjaxResult,待逐接口核验,erp-modules/erp-inventory/src/main/java/com/erp/inventory/controller/InvStockController.java:52,待生成版本化 OpenAPI 基线
BEAPI-0231,inventory,InvStockController,getInfo,GET,/stock/{stockId},/inventory/stock/{stockId},inv:stock:query,no,AjaxResult,待逐接口核验,erp-modules/erp-inventory/src/main/java/com/erp/inventory/controller/InvStockController.java:65,待生成版本化 OpenAPI 基线
BEAPI-0232,inventory,InvStockController,adjustExisting,POST,/stock/{stockId}/adjust,/inventory/stock/{stockId}/adjust,inv:stock:adjust,yes,AjaxResult,待逐接口核验,erp-modules/erp-inventory/src/main/java/com/erp/inventory/controller/InvStockController.java:77,待生成版本化 OpenAPI 基线
BEAPI-0233,inventory,InvStockController,adjust,POST,/stock/adjust,/inventory/stock/adjust,inv:stock:adjust,yes,AjaxResult,待逐接口核验,erp-modules/erp-inventory/src/main/java/com/erp/inventory/controller/InvStockController.java:90,待生成版本化 OpenAPI 基线
BEAPI-0234,inventory,InvStockController,logList,GET,/stock/log/list,/inventory/stock/log/list,inv:stock:log,no,TableDataInfo,待逐接口核验,erp-modules/erp-inventory/src/main/java/com/erp/inventory/controller/InvStockController.java:100,待生成版本化 OpenAPI 基线
BEAPI-0235,inventory,InvStockController,export,POST,/stock/export,/inventory/stock/export,inv:stock:export,no,void,待逐接口核验,erp-modules/erp-inventory/src/main/java/com/erp/inventory/controller/InvStockController.java:113,待生成版本化 OpenAPI 基线
BEAPI-0236,inventory,InvStockController,exportLog,POST,/stock/log/export,/inventory/stock/log/export,inv:stock:export,no,void,待逐接口核验,erp-modules/erp-inventory/src/main/java/com/erp/inventory/controller/InvStockController.java:125,待生成版本化 OpenAPI 基线
BEAPI-0237,inventory,InvSupplierController,list,GET,/supplier/list,/inventory/supplier/list,inv:cost:view | inv:supplier:list,no,TableDataInfo,待逐接口核验,erp-modules/erp-inventory/src/main/java/com/erp/inventory/controller/InvSupplierController.java:39,待生成版本化 OpenAPI 基线
BEAPI-0238,inventory,InvSupplierController,getInfo,GET,/supplier/{supplierId},/inventory/supplier/{supplierId},inv:supplier:query,no,AjaxResult,待逐接口核验,erp-modules/erp-inventory/src/main/java/com/erp/inventory/controller/InvSupplierController.java:49,待生成版本化 OpenAPI 基线
BEAPI-0239,inventory,InvSupplierController,products,GET,/supplier/{supplierId}/products,/inventory/supplier/{supplierId}/products,inv:supplier:query,no,AjaxResult,待逐接口核验,erp-modules/erp-inventory/src/main/java/com/erp/inventory/controller/InvSupplierController.java:58,待生成版本化 OpenAPI 基线
BEAPI-0240,inventory,InvSupplierController,add,POST,/supplier,/inventory/supplier,inv:supplier:add,yes,AjaxResult,待逐接口核验,erp-modules/erp-inventory/src/main/java/com/erp/inventory/controller/InvSupplierController.java:71,待生成版本化 OpenAPI 基线
BEAPI-0241,inventory,InvSupplierController,edit,POST,/supplier/update,/inventory/supplier/update,inv:supplier:edit,yes,AjaxResult,待逐接口核验,erp-modules/erp-inventory/src/main/java/com/erp/inventory/controller/InvSupplierController.java:82,待生成版本化 OpenAPI 基线
BEAPI-0242,inventory,InvSupplierController,remove,DELETE,/supplier/{supplierIds},/inventory/supplier/{supplierIds},inv:supplier:remove,yes,AjaxResult,待逐接口核验,erp-modules/erp-inventory/src/main/java/com/erp/inventory/controller/InvSupplierController.java:93,待生成版本化 OpenAPI 基线
BEAPI-0243,inventory,InvSupplierController,export,POST,/supplier/export,/inventory/supplier/export,inv:supplier:export,no,void,待逐接口核验,erp-modules/erp-inventory/src/main/java/com/erp/inventory/controller/InvSupplierController.java:104,待生成版本化 OpenAPI 基线
BEAPI-0244,inventory,InvTodoController,summary,GET,/todo/summary,/inventory/todo/summary,未声明/公共接口,no,AjaxResult,待逐接口核验,erp-modules/erp-inventory/src/main/java/com/erp/inventory/controller/InvTodoController.java:26,待生成版本化 OpenAPI 基线
BEAPI-0245,inventory,InvTodoController,list,GET,/todo/list,/inventory/todo/list,未声明/公共接口,no,TableDataInfo,待逐接口核验,erp-modules/erp-inventory/src/main/java/com/erp/inventory/controller/InvTodoController.java:34,待生成版本化 OpenAPI 基线
BEAPI-0246,inventory,InvTransferApprovalRuleController,list,GET,/transfer/rule/list,/inventory/transfer/rule/list,inv:transfer:rule:list,no,TableDataInfo,待逐接口核验,erp-modules/erp-inventory/src/main/java/com/erp/inventory/controller/InvTransferApprovalRuleController.java:39,待生成版本化 OpenAPI 基线
BEAPI-0247,inventory,InvTransferApprovalRuleController,getInfo,GET,/transfer/rule/{ruleId},/inventory/transfer/rule/{ruleId},inv:transfer:rule:query,no,AjaxResult,待逐接口核验,erp-modules/erp-inventory/src/main/java/com/erp/inventory/controller/InvTransferApprovalRuleController.java:48,待生成版本化 OpenAPI 基线
BEAPI-0248,inventory,InvTransferApprovalRuleController,add,POST,/transfer/rule,/inventory/transfer/rule,inv:transfer:rule:add,yes,AjaxResult,待逐接口核验,erp-modules/erp-inventory/src/main/java/com/erp/inventory/controller/InvTransferApprovalRuleController.java:57,待生成版本化 OpenAPI 基线
BEAPI-0249,inventory,InvTransferApprovalRuleController,edit,PUT,/transfer/rule,/inventory/transfer/rule,inv:transfer:rule:edit,yes,AjaxResult,待逐接口核验,erp-modules/erp-inventory/src/main/java/com/erp/inventory/controller/InvTransferApprovalRuleController.java:66,待生成版本化 OpenAPI 基线
BEAPI-0250,inventory,InvTransferApprovalRuleController,remove,DELETE,/transfer/rule/{ruleId},/inventory/transfer/rule/{ruleId},inv:transfer:rule:remove,yes,AjaxResult,待逐接口核验,erp-modules/erp-inventory/src/main/java/com/erp/inventory/controller/InvTransferApprovalRuleController.java:75,待生成版本化 OpenAPI 基线
BEAPI-0251,inventory,InvTransferApprovalRuleController,preview,POST,/transfer/rule/preview,/inventory/transfer/rule/preview,inv:transfer:rule:query,no,AjaxResult,待逐接口核验,erp-modules/erp-inventory/src/main/java/com/erp/inventory/controller/InvTransferApprovalRuleController.java:82,待生成版本化 OpenAPI 基线
BEAPI-0252,inventory,InvTransferApprovalRuleController,candidatePreview,POST,/transfer/rule/{ruleId}/candidate-preview,/inventory/transfer/rule/{ruleId}/candidate-preview,inv:transfer:rule:query,no,AjaxResult,待逐接口核验,erp-modules/erp-inventory/src/main/java/com/erp/inventory/controller/InvTransferApprovalRuleController.java:89,待生成版本化 OpenAPI 基线
BEAPI-0253,inventory,InvTransferApprovalStartOutboxController,list,GET,/transfer/approval-start-outbox/list,/inventory/transfer/approval-start-outbox/list,inv:transfer:approvalStartOutbox,no,TableDataInfo,待逐接口核验,erp-modules/erp-inventory/src/main/java/com/erp/inventory/controller/InvTransferApprovalStartOutboxController.java:41,待生成版本化 OpenAPI 基线
BEAPI-0254,inventory,InvTransferApprovalStartOutboxController,summary,GET,/transfer/approval-start-outbox/summary,/inventory/transfer/approval-start-outbox/summary,inv:transfer:approvalStartOutbox,no,AjaxResult,待逐接口核验,erp-modules/erp-inventory/src/main/java/com/erp/inventory/controller/InvTransferApprovalStartOutboxController.java:49,待生成版本化 OpenAPI 基线
BEAPI-0255,inventory,InvTransferApprovalStartOutboxController,replay,POST,/transfer/approval-start-outbox/{outboxId}/replay,/inventory/transfer/approval-start-outbox/{outboxId}/replay,inv:transfer:approvalStartOutbox,yes,AjaxResult,待逐接口核验,erp-modules/erp-inventory/src/main/java/com/erp/inventory/controller/InvTransferApprovalStartOutboxController.java:59,待生成版本化 OpenAPI 基线
BEAPI-0256,inventory,InvTransferController,list,GET,/transfer/list,/inventory/transfer/list,inv:transfer:list,no,TableDataInfo,待逐接口核验,erp-modules/erp-inventory/src/main/java/com/erp/inventory/controller/InvTransferController.java:106,待生成版本化 OpenAPI 基线
BEAPI-0257,inventory,InvTransferController,processing,GET,/transfer/processing,/inventory/transfer/processing,inv:transfer:list,no,TableDataInfo,待逐接口核验,erp-modules/erp-inventory/src/main/java/com/erp/inventory/controller/InvTransferController.java:118,待生成版本化 OpenAPI 基线
BEAPI-0258,inventory,InvTransferController,opsSummary,GET,/transfer/ops-summary,/inventory/transfer/ops-summary,inv:transfer:list,no,AjaxResult,待逐接口核验,erp-modules/erp-inventory/src/main/java/com/erp/inventory/controller/InvTransferController.java:131,待生成版本化 OpenAPI 基线
BEAPI-0259,inventory,InvTransferController,records,GET,/transfer/records,/inventory/transfer/records,inv:transfer:records,no,TableDataInfo,待逐接口核验,erp-modules/erp-inventory/src/main/java/com/erp/inventory/controller/InvTransferController.java:147,待生成版本化 OpenAPI 基线
BEAPI-0260,inventory,InvTransferController,detail,GET,/transfer/{transferId},/inventory/transfer/{transferId},inv:transfer:add | inv:transfer:approve | inv:transfer:edit | inv:transfer:query | inv:transfer:records:query | inv:transfer:submit,no,AjaxResult,待逐接口核验,erp-modules/erp-inventory/src/main/java/com/erp/inventory/controller/InvTransferController.java:163,待生成版本化 OpenAPI 基线
BEAPI-0261,inventory,InvTransferController,draftPlanning,POST,/transfer/draft-planning,/inventory/transfer/draft-planning,inv:transfer:add | inv:transfer:edit | inv:transfer:submit,no,AjaxResult,待逐接口核验,erp-modules/erp-inventory/src/main/java/com/erp/inventory/controller/InvTransferController.java:176,待生成版本化 OpenAPI 基线
BEAPI-0262,inventory,InvTransferController,approvalTrack,GET,/transfer/{transferId}/approval-track,/inventory/transfer/{transferId}/approval-track,inv:transfer:add | inv:transfer:approve | inv:transfer:edit | inv:transfer:query | inv:transfer:records:query | inv:transfer:submit,no,AjaxResult,待逐接口核验,erp-modules/erp-inventory/src/main/java/com/erp/inventory/controller/InvTransferController.java:191,待生成版本化 OpenAPI 基线
BEAPI-0263,inventory,InvTransferController,revisions,GET,/transfer/{transferId}/revisions,/inventory/transfer/{transferId}/revisions,inv:transfer:add | inv:transfer:approve | inv:transfer:edit | inv:transfer:query | inv:transfer:records:query | inv:transfer:submit,no,AjaxResult,待逐接口核验,erp-modules/erp-inventory/src/main/java/com/erp/inventory/controller/InvTransferController.java:203,待生成版本化 OpenAPI 基线
BEAPI-0264,inventory,InvTransferController,save,POST,/transfer/save,/inventory/transfer/save,inv:transfer:add | inv:transfer:edit,no,AjaxResult,待逐接口核验,erp-modules/erp-inventory/src/main/java/com/erp/inventory/controller/InvTransferController.java:216,待生成版本化 OpenAPI 基线
BEAPI-0265,inventory,InvTransferController,submit,POST,/transfer/submit,/inventory/transfer/submit,inv:transfer:submit,no,AjaxResult,待逐接口核验,erp-modules/erp-inventory/src/main/java/com/erp/inventory/controller/InvTransferController.java:228,待生成版本化 OpenAPI 基线
BEAPI-0266,inventory,InvTransferController,approve,POST,/transfer/approve,/inventory/transfer/approve,inv:transfer:approve,no,AjaxResult,待逐接口核验,erp-modules/erp-inventory/src/main/java/com/erp/inventory/controller/InvTransferController.java:240,待生成版本化 OpenAPI 基线
BEAPI-0267,inventory,InvTransferController,shipmentPlanning,GET,/transfer/{transferId}/shipment-planning,/inventory/transfer/{transferId}/shipment-planning,inv:transfer:deliver,no,AjaxResult,待逐接口核验,erp-modules/erp-inventory/src/main/java/com/erp/inventory/controller/InvTransferController.java:251,待生成版本化 OpenAPI 基线
BEAPI-0268,inventory,InvTransferController,deliver,POST,/transfer/deliver/{transferId},/inventory/transfer/deliver/{transferId},inv:transfer:deliver,no,AjaxResult,待逐接口核验,erp-modules/erp-inventory/src/main/java/com/erp/inventory/controller/InvTransferController.java:264,待生成版本化 OpenAPI 基线
BEAPI-0269,inventory,InvTransferController,createShipmentV2,POST,/transfer/{transferId}/shipments,/inventory/transfer/{transferId}/shipments,inv:transfer:deliver,no,AjaxResult,待逐接口核验,erp-modules/erp-inventory/src/main/java/com/erp/inventory/controller/InvTransferController.java:278,待生成版本化 OpenAPI 基线
BEAPI-0270,inventory,InvTransferController,receiptPlanning,GET,/transfer/shipments/{shipmentId}/receipt-planning,/inventory/transfer/shipments/{shipmentId}/receipt-planning,inv:transfer:receive,no,AjaxResult,待逐接口核验,erp-modules/erp-inventory/src/main/java/com/erp/inventory/controller/InvTransferController.java:290,待生成版本化 OpenAPI 基线
BEAPI-0271,inventory,InvTransferController,createReceiptV2,POST,/transfer/shipments/{shipmentId}/receipts,/inventory/transfer/shipments/{shipmentId}/receipts,inv:transfer:receive,no,AjaxResult,待逐接口核验,erp-modules/erp-inventory/src/main/java/com/erp/inventory/controller/InvTransferController.java:303,待生成版本化 OpenAPI 基线
BEAPI-0272,inventory,InvTransferController,receive,POST,/transfer/receive/{transferId},/inventory/transfer/receive/{transferId},inv:transfer:receive,no,AjaxResult,待逐接口核验,erp-modules/erp-inventory/src/main/java/com/erp/inventory/controller/InvTransferController.java:318,待生成版本化 OpenAPI 基线
BEAPI-0273,inventory,InvTransferController,receiveShipment,POST,/transfer/shipment/receive/{shipmentId},/inventory/transfer/shipment/receive/{shipmentId},inv:transfer:receive,no,AjaxResult,待逐接口核验,erp-modules/erp-inventory/src/main/java/com/erp/inventory/controller/InvTransferController.java:331,待生成版本化 OpenAPI 基线
BEAPI-0274,inventory,InvTransferController,discrepancies,GET,/transfer/{transferId}/discrepancies,/inventory/transfer/{transferId}/discrepancies,inv:transfer:discrepancy:handle | inv:transfer:query,no,AjaxResult,待逐接口核验,erp-modules/erp-inventory/src/main/java/com/erp/inventory/controller/InvTransferController.java:343,待生成版本化 OpenAPI 基线
BEAPI-0275,inventory,InvTransferController,discrepancy,GET,/transfer/discrepancies/{discrepancyId},/inventory/transfer/discrepancies/{discrepancyId},inv:transfer:discrepancy:handle | inv:transfer:query,no,AjaxResult,待逐接口核验,erp-modules/erp-inventory/src/main/java/com/erp/inventory/controller/InvTransferController.java:352,待生成版本化 OpenAPI 基线
BEAPI-0276,inventory,InvTransferController,discrepancyAdjudicationPlanning,GET,/transfer/discrepancies/{discrepancyCaseId}/adjudication-planning,/inventory/transfer/discrepancies/{discrepancyCaseId}/adjudication-planning,inv:transfer:discrepancy:adjudicate,no,AjaxResult,待逐接口核验,erp-modules/erp-inventory/src/main/java/com/erp/inventory/controller/InvTransferController.java:361,待生成版本化 OpenAPI 基线
BEAPI-0277,inventory,InvTransferController,issueDiscrepancyAdjudicationBasis,POST,/transfer/discrepancies/{discrepancyCaseId}/adjudication-basis,/inventory/transfer/discrepancies/{discrepancyCaseId}/adjudication-basis,inv:transfer:discrepancy:adjudicate,no,AjaxResult,待逐接口核验,erp-modules/erp-inventory/src/main/java/com/erp/inventory/controller/InvTransferController.java:374,待生成版本化 OpenAPI 基线
BEAPI-0278,inventory,InvTransferController,createDiscrepancyAdjudication,POST,/transfer/discrepancies/{discrepancyCaseId}/adjudications,/inventory/transfer/discrepancies/{discrepancyCaseId}/adjudications,inv:transfer:discrepancy:adjudicate,no,AjaxResult,待逐接口核验,erp-modules/erp-inventory/src/main/java/com/erp/inventory/controller/InvTransferController.java:388,待生成版本化 OpenAPI 基线
BEAPI-0279,inventory,InvTransferController,resolveDiscrepancy,POST,/transfer/discrepancies/{discrepancyId}/resolve,/inventory/transfer/discrepancies/{discrepancyId}/resolve,inv:transfer:discrepancy:handle,no,AjaxResult,待逐接口核验,erp-modules/erp-inventory/src/main/java/com/erp/inventory/controller/InvTransferController.java:405,待生成版本化 OpenAPI 基线
BEAPI-0280,inventory,InvTransferController,deleteDraft,DELETE,/transfer/delete/{transferId},/inventory/transfer/delete/{transferId},inv:transfer:remove,no,AjaxResult,待逐接口核验,erp-modules/erp-inventory/src/main/java/com/erp/inventory/controller/InvTransferController.java:419,待生成版本化 OpenAPI 基线
BEAPI-0281,inventory,InvTransferController,cancel,DELETE,/transfer/{transferId},/inventory/transfer/{transferId},inv:transfer:remove,no,AjaxResult,待逐接口核验,erp-modules/erp-inventory/src/main/java/com/erp/inventory/controller/InvTransferController.java:432,待生成版本化 OpenAPI 基线
BEAPI-0282,inventory,InvTransferController,withdraw,POST,/transfer/{transferId}/withdraw,/inventory/transfer/{transferId}/withdraw,inv:transfer:submit,no,AjaxResult,待逐接口核验,erp-modules/erp-inventory/src/main/java/com/erp/inventory/controller/InvTransferController.java:445,待生成版本化 OpenAPI 基线
BEAPI-0283,inventory,InvTransferController,export,POST,/transfer/export,/inventory/transfer/export,inv:transfer:export,no,void,待逐接口核验,erp-modules/erp-inventory/src/main/java/com/erp/inventory/controller/InvTransferController.java:456,待生成版本化 OpenAPI 基线
BEAPI-0284,inventory,InvTransferController,exportRecords,POST,/transfer/records/export,/inventory/transfer/records/export,inv:transfer:records:export,no,void,待逐接口核验,erp-modules/erp-inventory/src/main/java/com/erp/inventory/controller/InvTransferController.java:466,待生成版本化 OpenAPI 基线
BEAPI-0285,inventory,InventoryApprovalCallbackController,callback,POST,/inner/approval/callback,/inventory/inner/approval/callback,未声明/公共接口,no,R<ApprovalBusinessCallbackResponse>,待逐接口核验,erp-modules/erp-inventory/src/main/java/com/erp/inventory/controller/InventoryApprovalCallbackController.java:28,待生成版本化 OpenAPI 基线
BEAPI-0286,inventory,InventoryLegacyApprovalController,templates,GET,/inner/approval/legacy/templates,/inventory/inner/approval/legacy/templates,未声明/公共接口,no,R<List<LegacyApprovalTemplateSummary>>,待逐接口核验,erp-modules/erp-inventory/src/main/java/com/erp/inventory/controller/InventoryLegacyApprovalController.java:31,待生成版本化 OpenAPI 基线
BEAPI-0287,inventory,InventoryLegacyApprovalController,instances,GET,/inner/approval/legacy/instances,/inventory/inner/approval/legacy/instances,未声明/公共接口,no,R<LegacyApprovalPage>,待逐接口核验,erp-modules/erp-inventory/src/main/java/com/erp/inventory/controller/InventoryLegacyApprovalController.java:38,待生成版本化 OpenAPI 基线
BEAPI-0288,inventory,InventoryLegacyApprovalController,detail,GET,/inner/approval/legacy/instances/{businessCode}/{legacyInstanceId},/inventory/inner/approval/legacy/instances/{businessCode}/{legacyInstanceId},未声明/公共接口,no,R<LegacyApprovalDetail>,待逐接口核验,erp-modules/erp-inventory/src/main/java/com/erp/inventory/controller/InventoryLegacyApprovalController.java:56,待生成版本化 OpenAPI 基线
BEAPI-0289,job,SysJobController,list,GET,/job/list,/schedule/job/list,monitor:job:list,no,TableDataInfo,待逐接口核验,erp-modules/erp-job/src/main/java/com/erp/job/controller/SysJobController.java:48,待生成版本化 OpenAPI 基线
BEAPI-0290,job,SysJobController,export,POST,/job/export,/schedule/job/export,monitor:job:export,no,void,待逐接口核验,erp-modules/erp-job/src/main/java/com/erp/job/controller/SysJobController.java:61,待生成版本化 OpenAPI 基线
BEAPI-0291,job,SysJobController,getInfo,GET,/job/{jobId},/schedule/job/{jobId},monitor:job:query,no,AjaxResult,待逐接口核验,erp-modules/erp-job/src/main/java/com/erp/job/controller/SysJobController.java:73,待生成版本化 OpenAPI 基线
BEAPI-0292,job,SysJobController,add,POST,/job,/schedule/job,monitor:job:add,no,AjaxResult,待逐接口核验,erp-modules/erp-job/src/main/java/com/erp/job/controller/SysJobController.java:84,待生成版本化 OpenAPI 基线
BEAPI-0293,job,SysJobController,edit,PUT,/job,/schedule/job,monitor:job:edit,no,AjaxResult,待逐接口核验,erp-modules/erp-job/src/main/java/com/erp/job/controller/SysJobController.java:120,待生成版本化 OpenAPI 基线
BEAPI-0294,job,SysJobController,changeStatus,PUT,/job/changeStatus,/schedule/job/changeStatus,monitor:job:changeStatus,no,AjaxResult,待逐接口核验,erp-modules/erp-job/src/main/java/com/erp/job/controller/SysJobController.java:156,待生成版本化 OpenAPI 基线
BEAPI-0295,job,SysJobController,run,PUT,/job/run,/schedule/job/run,monitor:job:changeStatus,no,AjaxResult,待逐接口核验,erp-modules/erp-job/src/main/java/com/erp/job/controller/SysJobController.java:169,待生成版本化 OpenAPI 基线
BEAPI-0296,job,SysJobController,remove,DELETE,/job/{jobIds},/schedule/job/{jobIds},monitor:job:remove,no,AjaxResult,待逐接口核验,erp-modules/erp-job/src/main/java/com/erp/job/controller/SysJobController.java:181,待生成版本化 OpenAPI 基线
BEAPI-0297,job,SysJobLogController,list,GET,/job/log/list,/schedule/job/log/list,monitor:job:list,no,TableDataInfo,待逐接口核验,erp-modules/erp-job/src/main/java/com/erp/job/controller/SysJobLogController.java:39,待生成版本化 OpenAPI 基线
BEAPI-0298,job,SysJobLogController,export,POST,/job/log/export,/schedule/job/log/export,monitor:job:export,no,void,待逐接口核验,erp-modules/erp-job/src/main/java/com/erp/job/controller/SysJobLogController.java:52,待生成版本化 OpenAPI 基线
BEAPI-0299,job,SysJobLogController,getInfo,GET,/job/log/{jobLogId},/schedule/job/log/{jobLogId},monitor:job:query,no,AjaxResult,待逐接口核验,erp-modules/erp-job/src/main/java/com/erp/job/controller/SysJobLogController.java:64,待生成版本化 OpenAPI 基线
BEAPI-0300,job,SysJobLogController,remove,DELETE,/job/log/{jobLogIds},/schedule/job/log/{jobLogIds},monitor:job:remove,no,AjaxResult,待逐接口核验,erp-modules/erp-job/src/main/java/com/erp/job/controller/SysJobLogController.java:75,待生成版本化 OpenAPI 基线
BEAPI-0301,job,SysJobLogController,clean,DELETE,/job/log/clean,/schedule/job/log/clean,monitor:job:remove,no,AjaxResult,待逐接口核验,erp-modules/erp-job/src/main/java/com/erp/job/controller/SysJobLogController.java:86,待生成版本化 OpenAPI 基线
BEAPI-0302,oa,OaApprovalCallbackController,callback,POST,/inner/approval/callback,/oa/inner/approval/callback,未声明/公共接口,no,R<ApprovalBusinessCallbackResponse>,待逐接口核验,erp-modules/erp-oa/src/main/java/com/erp/oa/controller/OaApprovalCallbackController.java:27,待生成版本化 OpenAPI 基线
BEAPI-0303,oa,OaAttendanceController,checkIn,POST,/attendance/checkIn,/oa/attendance/checkIn,未声明/公共接口,yes,AjaxResult,待逐接口核验,erp-modules/erp-oa/src/main/java/com/erp/oa/controller/OaAttendanceController.java:35,待生成版本化 OpenAPI 基线
BEAPI-0304,oa,OaAttendanceController,checkOut,POST,/attendance/checkOut,/oa/attendance/checkOut,未声明/公共接口,yes,AjaxResult,待逐接口核验,erp-modules/erp-oa/src/main/java/com/erp/oa/controller/OaAttendanceController.java:45,待生成版本化 OpenAPI 基线
BEAPI-0305,oa,OaAttendanceController,detail,GET,/attendance/{recordId},/oa/attendance/{recordId},oa:attendance:query,no,AjaxResult,待逐接口核验,erp-modules/erp-oa/src/main/java/com/erp/oa/controller/OaAttendanceController.java:54,待生成版本化 OpenAPI 基线
BEAPI-0306,oa,OaAttendanceController,myList,GET,/attendance/my,/oa/attendance/my,未声明/公共接口,no,TableDataInfo,待逐接口核验,erp-modules/erp-oa/src/main/java/com/erp/oa/controller/OaAttendanceController.java:61,待生成版本化 OpenAPI 基线
BEAPI-0307,oa,OaAttendanceController,list,GET,/attendance/list,/oa/attendance/list,oa:attendance:list,no,TableDataInfo,待逐接口核验,erp-modules/erp-oa/src/main/java/com/erp/oa/controller/OaAttendanceController.java:70,待生成版本化 OpenAPI 基线
BEAPI-0308,oa,OaAttendanceController,export,POST,/attendance/export,/oa/attendance/export,oa:attendance:export,no,void,待逐接口核验,erp-modules/erp-oa/src/main/java/com/erp/oa/controller/OaAttendanceController.java:80,待生成版本化 OpenAPI 基线
BEAPI-0309,oa,OaFixedAssetConfigController,list,GET,/fixedAsset/config/list,/oa/fixedAsset/config/list,未声明/公共接口,no,TableDataInfo,待逐接口核验,erp-modules/erp-oa/src/main/java/com/erp/oa/controller/OaFixedAssetConfigController.java:35,待生成版本化 OpenAPI 基线
BEAPI-0310,oa,OaFixedAssetConfigController,getInfo,GET,/fixedAsset/config/{configId},/oa/fixedAsset/config/{configId},未声明/公共接口,no,AjaxResult,待逐接口核验,erp-modules/erp-oa/src/main/java/com/erp/oa/controller/OaFixedAssetConfigController.java:44,待生成版本化 OpenAPI 基线
BEAPI-0311,oa,OaFixedAssetConfigController,save,POST,/fixedAsset/config/save,/oa/fixedAsset/config/save,未声明/公共接口,yes,AjaxResult,待逐接口核验,erp-modules/erp-oa/src/main/java/com/erp/oa/controller/OaFixedAssetConfigController.java:53,待生成版本化 OpenAPI 基线
BEAPI-0312,oa,OaFixedAssetConfigController,remove,DELETE,/fixedAsset/config/{configId},/oa/fixedAsset/config/{configId},未声明/公共接口,no,AjaxResult,待逐接口核验,erp-modules/erp-oa/src/main/java/com/erp/oa/controller/OaFixedAssetConfigController.java:61,待生成版本化 OpenAPI 基线
BEAPI-0313,oa,OaFixedAssetConfigController,quota,GET,/fixedAsset/config/quota,/oa/fixedAsset/config/quota,未声明/公共接口,no,AjaxResult,待逐接口核验,erp-modules/erp-oa/src/main/java/com/erp/oa/controller/OaFixedAssetConfigController.java:68,待生成版本化 OpenAPI 基线
BEAPI-0314,oa,OaFixedAssetConfigController,approveException,POST,/fixedAsset/config/exception/approve,/oa/fixedAsset/config/exception/approve,未声明/公共接口,yes,AjaxResult,待逐接口核验,erp-modules/erp-oa/src/main/java/com/erp/oa/controller/OaFixedAssetConfigController.java:77,待生成版本化 OpenAPI 基线
BEAPI-0315,oa,OaFixedAssetConfigController,export,POST,/fixedAsset/config/export,/oa/fixedAsset/config/export,未声明/公共接口,no,void,待逐接口核验,erp-modules/erp-oa/src/main/java/com/erp/oa/controller/OaFixedAssetConfigController.java:85,待生成版本化 OpenAPI 基线
BEAPI-0316,oa,OaFixedAssetOutboxController,dead,GET,/fixedAsset/replenishment-outbox/dead,/oa/fixedAsset/replenishment-outbox/dead,未声明/公共接口,no,TableDataInfo,待逐接口核验,erp-modules/erp-oa/src/main/java/com/erp/oa/controller/OaFixedAssetOutboxController.java:38,待生成版本化 OpenAPI 基线
BEAPI-0317,oa,OaFixedAssetOutboxController,summary,GET,/fixedAsset/replenishment-outbox/summary,/oa/fixedAsset/replenishment-outbox/summary,未声明/公共接口,no,AjaxResult,待逐接口核验,erp-modules/erp-oa/src/main/java/com/erp/oa/controller/OaFixedAssetOutboxController.java:48,待生成版本化 OpenAPI 基线
BEAPI-0318,oa,OaFixedAssetOutboxController,list,GET,/fixedAsset/replenishment-outbox/list,/oa/fixedAsset/replenishment-outbox/list,未声明/公共接口,no,TableDataInfo,待逐接口核验,erp-modules/erp-oa/src/main/java/com/erp/oa/controller/OaFixedAssetOutboxController.java:56,待生成版本化 OpenAPI 基线
BEAPI-0319,oa,OaFixedAssetOutboxController,replay,POST,/fixedAsset/replenishment-outbox/{outboxId}/replay,/oa/fixedAsset/replenishment-outbox/{outboxId}/replay,未声明/公共接口,yes,AjaxResult,待逐接口核验,erp-modules/erp-oa/src/main/java/com/erp/oa/controller/OaFixedAssetOutboxController.java:69,待生成版本化 OpenAPI 基线
BEAPI-0320,oa,OaFixedAssetOutboxController,retry,POST,/fixedAsset/replenishment-outbox/{outboxId}/retry,/oa/fixedAsset/replenishment-outbox/{outboxId}/retry,未声明/公共接口,yes,AjaxResult,待逐接口核验,erp-modules/erp-oa/src/main/java/com/erp/oa/controller/OaFixedAssetOutboxController.java:83,待生成版本化 OpenAPI 基线
BEAPI-0321,oa,OaFixedAssetRepairController,list,GET,/fixedAsset/repair/list,/oa/fixedAsset/repair/list,未声明/公共接口,no,TableDataInfo,待逐接口核验,erp-modules/erp-oa/src/main/java/com/erp/oa/controller/OaFixedAssetRepairController.java:34,待生成版本化 OpenAPI 基线
BEAPI-0322,oa,OaFixedAssetRepairController,getInfo,GET,/fixedAsset/repair/{repairId},/oa/fixedAsset/repair/{repairId},未声明/公共接口,no,AjaxResult,待逐接口核验,erp-modules/erp-oa/src/main/java/com/erp/oa/controller/OaFixedAssetRepairController.java:43,待生成版本化 OpenAPI 基线
BEAPI-0323,oa,OaFixedAssetRepairController,precheck,POST,/fixedAsset/repair/precheck,/oa/fixedAsset/repair/precheck,未声明/公共接口,no,AjaxResult,待逐接口核验,erp-modules/erp-oa/src/main/java/com/erp/oa/controller/OaFixedAssetRepairController.java:50,待生成版本化 OpenAPI 基线
BEAPI-0324,oa,OaFixedAssetRepairController,submit,POST,/fixedAsset/repair/submit,/oa/fixedAsset/repair/submit,未声明/公共接口,yes,AjaxResult,待逐接口核验,erp-modules/erp-oa/src/main/java/com/erp/oa/controller/OaFixedAssetRepairController.java:61,待生成版本化 OpenAPI 基线
BEAPI-0325,oa,OaFixedAssetRepairController,submitBatch,POST,/fixedAsset/repair/submit/batch,/oa/fixedAsset/repair/submit/batch,未声明/公共接口,yes,AjaxResult,待逐接口核验,erp-modules/erp-oa/src/main/java/com/erp/oa/controller/OaFixedAssetRepairController.java:70,待生成版本化 OpenAPI 基线
BEAPI-0326,oa,OaFixedAssetRepairController,confirm,POST,/fixedAsset/repair/{repairId}/confirm,/oa/fixedAsset/repair/{repairId}/confirm,未声明/公共接口,yes,AjaxResult,待逐接口核验,erp-modules/erp-oa/src/main/java/com/erp/oa/controller/OaFixedAssetRepairController.java:80,待生成版本化 OpenAPI 基线
BEAPI-0327,oa,OaFixedAssetRepairController,export,POST,/fixedAsset/repair/export,/oa/fixedAsset/repair/export,未声明/公共接口,no,void,待逐接口核验,erp-modules/erp-oa/src/main/java/com/erp/oa/controller/OaFixedAssetRepairController.java:88,待生成版本化 OpenAPI 基线
BEAPI-0328,oa,OaLaborContractController,templateList,GET,/laborContract/template/list,/oa/laborContract/template/list,未声明/公共接口,no,AjaxResult,待逐接口核验,erp-modules/erp-oa/src/main/java/com/erp/oa/controller/OaLaborContractController.java:39,待生成版本化 OpenAPI 基线
BEAPI-0329,oa,OaLaborContractController,saveTemplate,POST,/laborContract/template,/oa/laborContract/template,未声明/公共接口,yes,AjaxResult,待逐接口核验,erp-modules/erp-oa/src/main/java/com/erp/oa/controller/OaLaborContractController.java:49,待生成版本化 OpenAPI 基线
BEAPI-0330,oa,OaLaborContractController,saveSeal,POST,/laborContract/seal,/oa/laborContract/seal,未声明/公共接口,yes,AjaxResult,待逐接口核验,erp-modules/erp-oa/src/main/java/com/erp/oa/controller/OaLaborContractController.java:59,待生成版本化 OpenAPI 基线
BEAPI-0331,oa,OaLaborContractController,seal,GET,/laborContract/seal,/oa/laborContract/seal,未声明/公共接口,no,AjaxResult,待逐接口核验,erp-modules/erp-oa/src/main/java/com/erp/oa/controller/OaLaborContractController.java:66,待生成版本化 OpenAPI 基线
BEAPI-0332,oa,OaLaborContractController,save,POST,/laborContract/save,/oa/laborContract/save,未声明/公共接口,yes,AjaxResult,待逐接口核验,erp-modules/erp-oa/src/main/java/com/erp/oa/controller/OaLaborContractController.java:77,待生成版本化 OpenAPI 基线
BEAPI-0333,oa,OaLaborContractController,send,POST,/laborContract/send,/oa/laborContract/send,未声明/公共接口,yes,AjaxResult,待逐接口核验,erp-modules/erp-oa/src/main/java/com/erp/oa/controller/OaLaborContractController.java:87,待生成版本化 OpenAPI 基线
BEAPI-0334,oa,OaLaborContractController,list,GET,/laborContract/list,/oa/laborContract/list,未声明/公共接口,no,TableDataInfo,待逐接口核验,erp-modules/erp-oa/src/main/java/com/erp/oa/controller/OaLaborContractController.java:94,待生成版本化 OpenAPI 基线
BEAPI-0335,oa,OaLaborContractController,detail,GET,/laborContract/{contractId},/oa/laborContract/{contractId},未声明/公共接口,no,AjaxResult,待逐接口核验,erp-modules/erp-oa/src/main/java/com/erp/oa/controller/OaLaborContractController.java:103,待生成版本化 OpenAPI 基线
BEAPI-0336,oa,OaLaborContractController,voidContract,POST,/laborContract/{contractId}/void,/oa/laborContract/{contractId}/void,未声明/公共接口,yes,AjaxResult,待逐接口核验,erp-modules/erp-oa/src/main/java/com/erp/oa/controller/OaLaborContractController.java:113,待生成版本化 OpenAPI 基线
BEAPI-0337,oa,OaLaborContractController,preview,GET,/laborContract/{contractId}/preview,/oa/laborContract/{contractId}/preview,未声明/公共接口,no,AjaxResult,待逐接口核验,erp-modules/erp-oa/src/main/java/com/erp/oa/controller/OaLaborContractController.java:120,待生成版本化 OpenAPI 基线
BEAPI-0338,oa,OaLaborContractController,verify,POST,/laborContract/verify,/oa/laborContract/verify,未声明/公共接口,no,AjaxResult,待逐接口核验,erp-modules/erp-oa/src/main/java/com/erp/oa/controller/OaLaborContractController.java:127,待生成版本化 OpenAPI 基线
BEAPI-0339,oa,OaLaborContractController,download,GET,/laborContract/download/{contractId}/{kind},/oa/laborContract/download/{contractId}/{kind},未声明/公共接口,no,void,待逐接口核验,erp-modules/erp-oa/src/main/java/com/erp/oa/controller/OaLaborContractController.java:135,待生成版本化 OpenAPI 基线
BEAPI-0340,oa,OaLaborContractController,mobileMy,GET,/laborContract/mobile/my,/oa/laborContract/mobile/my,未声明/公共接口,no,TableDataInfo,待逐接口核验,erp-modules/erp-oa/src/main/java/com/erp/oa/controller/OaLaborContractController.java:143,待生成版本化 OpenAPI 基线
BEAPI-0341,oa,OaLaborContractController,mobileDetail,GET,/laborContract/mobile/{contractId},/oa/laborContract/mobile/{contractId},未声明/公共接口,no,AjaxResult,待逐接口核验,erp-modules/erp-oa/src/main/java/com/erp/oa/controller/OaLaborContractController.java:152,待生成版本化 OpenAPI 基线
BEAPI-0342,oa,OaLaborContractController,mobileSign,POST,/laborContract/mobile/{contractId}/sign,/oa/laborContract/mobile/{contractId}/sign,未声明/公共接口,yes,AjaxResult,待逐接口核验,erp-modules/erp-oa/src/main/java/com/erp/oa/controller/OaLaborContractController.java:162,待生成版本化 OpenAPI 基线
BEAPI-0343,oa,OaPurchaseApprovalStartOutboxController,list,GET,/purchase/approval-start-outbox/list,/oa/purchase/approval-start-outbox/list,oa:purchase:approvalStartOutbox,no,TableDataInfo,待逐接口核验,erp-modules/erp-oa/src/main/java/com/erp/oa/controller/OaPurchaseApprovalStartOutboxController.java:41,待生成版本化 OpenAPI 基线
BEAPI-0344,oa,OaPurchaseApprovalStartOutboxController,summary,GET,/purchase/approval-start-outbox/summary,/oa/purchase/approval-start-outbox/summary,oa:purchase:approvalStartOutbox,no,AjaxResult,待逐接口核验,erp-modules/erp-oa/src/main/java/com/erp/oa/controller/OaPurchaseApprovalStartOutboxController.java:49,待生成版本化 OpenAPI 基线
BEAPI-0345,oa,OaPurchaseApprovalStartOutboxController,replay,POST,/purchase/approval-start-outbox/{outboxId}/replay,/oa/purchase/approval-start-outbox/{outboxId}/replay,oa:purchase:approvalStartOutbox,yes,AjaxResult,待逐接口核验,erp-modules/erp-oa/src/main/java/com/erp/oa/controller/OaPurchaseApprovalStartOutboxController.java:60,待生成版本化 OpenAPI 基线
BEAPI-0346,oa,OaPurchaseController,save,POST,/purchase/save,/oa/purchase/save,oa:purchase:add,yes,AjaxResult,待逐接口核验,erp-modules/erp-oa/src/main/java/com/erp/oa/controller/OaPurchaseController.java:43,待生成版本化 OpenAPI 基线
BEAPI-0347,oa,OaPurchaseController,submit,POST,/purchase/submit,/oa/purchase/submit,oa:purchase:add,yes,AjaxResult,待逐接口核验,erp-modules/erp-oa/src/main/java/com/erp/oa/controller/OaPurchaseController.java:52,待生成版本化 OpenAPI 基线
BEAPI-0348,oa,OaPurchaseController,close,POST,/purchase/{purchaseId}/close,/oa/purchase/{purchaseId}/close,oa:purchase:add,yes,AjaxResult,待逐接口核验,erp-modules/erp-oa/src/main/java/com/erp/oa/controller/OaPurchaseController.java:61,待生成版本化 OpenAPI 基线
BEAPI-0349,oa,OaPurchaseController,withdraw,POST,/purchase/{purchaseId}/withdraw,/oa/purchase/{purchaseId}/withdraw,oa:purchase:add,yes,AjaxResult,待逐接口核验,erp-modules/erp-oa/src/main/java/com/erp/oa/controller/OaPurchaseController.java:70,待生成版本化 OpenAPI 基线
BEAPI-0350,oa,OaPurchaseController,myList,GET,/purchase/my,/oa/purchase/my,oa:purchase:list,no,TableDataInfo,待逐接口核验,erp-modules/erp-oa/src/main/java/com/erp/oa/controller/OaPurchaseController.java:81,待生成版本化 OpenAPI 基线
BEAPI-0351,oa,OaPurchaseController,availability,GET,/purchase/availability,/oa/purchase/availability,oa:purchase:add,no,AjaxResult,待逐接口核验,erp-modules/erp-oa/src/main/java/com/erp/oa/controller/OaPurchaseController.java:90,待生成版本化 OpenAPI 基线
BEAPI-0352,oa,OaPurchaseController,detail,GET,/purchase/{purchaseId},/oa/purchase/{purchaseId},oa:purchase:add | oa:purchase:query | oa:todo:approve,no,AjaxResult,待逐接口核验,erp-modules/erp-oa/src/main/java/com/erp/oa/controller/OaPurchaseController.java:100,待生成版本化 OpenAPI 基线
BEAPI-0353,oa,OaPurchaseController,exportMy,POST,/purchase/export/my,/oa/purchase/export/my,oa:purchase:export,no,void,待逐接口核验,erp-modules/erp-oa/src/main/java/com/erp/oa/controller/OaPurchaseController.java:108,待生成版本化 OpenAPI 基线
BEAPI-0354,oa,OaSalaryController,config,GET,/salary/config,/oa/salary/config,oa:salary:config,no,AjaxResult,待逐接口核验,erp-modules/erp-oa/src/main/java/com/erp/oa/controller/OaSalaryController.java:36,待生成版本化 OpenAPI 基线
BEAPI-0355,oa,OaSalaryController,saveConfig,PUT,/salary/config,/oa/salary/config,oa:salary:config,yes,AjaxResult,待逐接口核验,erp-modules/erp-oa/src/main/java/com/erp/oa/controller/OaSalaryController.java:45,待生成版本化 OpenAPI 基线
BEAPI-0356,oa,OaSalaryController,detail,GET,/salary/{salaryId},/oa/salary/{salaryId},oa:salary:query,no,AjaxResult,待逐接口核验,erp-modules/erp-oa/src/main/java/com/erp/oa/controller/OaSalaryController.java:52,待生成版本化 OpenAPI 基线
BEAPI-0357,oa,OaSalaryController,myList,GET,/salary/my,/oa/salary/my,未声明/公共接口,no,TableDataInfo,待逐接口核验,erp-modules/erp-oa/src/main/java/com/erp/oa/controller/OaSalaryController.java:59,待生成版本化 OpenAPI 基线
BEAPI-0358,oa,OaSalaryController,list,GET,/salary/list,/oa/salary/list,oa:salary:list,no,TableDataInfo,待逐接口核验,erp-modules/erp-oa/src/main/java/com/erp/oa/controller/OaSalaryController.java:68,待生成版本化 OpenAPI 基线
BEAPI-0359,oa,OaSalaryController,attendancePreflight,GET,/salary/attendance-preflight,/oa/salary/attendance-preflight,oa:salary:calculate,no,AjaxResult,待逐接口核验,erp-modules/erp-oa/src/main/java/com/erp/oa/controller/OaSalaryController.java:77,待生成版本化 OpenAPI 基线
BEAPI-0360,oa,OaSalaryController,calculate,POST,/salary/calculate,/oa/salary/calculate,oa:salary:calculate,yes,AjaxResult,待逐接口核验,erp-modules/erp-oa/src/main/java/com/erp/oa/controller/OaSalaryController.java:91,待生成版本化 OpenAPI 基线
BEAPI-0361,oa,OaSalaryController,export,POST,/salary/export,/oa/salary/export,oa:salary:export,no,void,待逐接口核验,erp-modules/erp-oa/src/main/java/com/erp/oa/controller/OaSalaryController.java:105,待生成版本化 OpenAPI 基线
BEAPI-0362,oa,OaSignPackageController,templateTypes,GET,/signPackage/template/types,/oa/signPackage/template/types,未声明/公共接口,no,AjaxResult,待逐接口核验,erp-modules/erp-oa/src/main/java/com/erp/oa/controller/OaSignPackageController.java:85,待生成版本化 OpenAPI 基线
BEAPI-0363,oa,OaSignPackageController,templateList,GET,/signPackage/template/list,/oa/signPackage/template/list,未声明/公共接口,no,AjaxResult,待逐接口核验,erp-modules/erp-oa/src/main/java/com/erp/oa/controller/OaSignPackageController.java:94,待生成版本化 OpenAPI 基线
BEAPI-0364,oa,OaSignPackageController,saveTemplate,POST,/signPackage/template,/oa/signPackage/template,未声明/公共接口,yes,AjaxResult,待逐接口核验,erp-modules/erp-oa/src/main/java/com/erp/oa/controller/OaSignPackageController.java:106,待生成版本化 OpenAPI 基线
BEAPI-0365,oa,OaSignPackageController,planList,GET,/signPackage/plan/list,/oa/signPackage/plan/list,未声明/公共接口,no,AjaxResult,待逐接口核验,erp-modules/erp-oa/src/main/java/com/erp/oa/controller/OaSignPackageController.java:115,待生成版本化 OpenAPI 基线
BEAPI-0366,oa,OaSignPackageController,planDetail,GET,/signPackage/plan/{planId},/oa/signPackage/plan/{planId},未声明/公共接口,no,AjaxResult,待逐接口核验,erp-modules/erp-oa/src/main/java/com/erp/oa/controller/OaSignPackageController.java:125,待生成版本化 OpenAPI 基线
BEAPI-0367,oa,OaSignPackageController,savePlan,POST,/signPackage/plan,/oa/signPackage/plan,未声明/公共接口,yes,AjaxResult,待逐接口核验,erp-modules/erp-oa/src/main/java/com/erp/oa/controller/OaSignPackageController.java:137,待生成版本化 OpenAPI 基线
BEAPI-0368,oa,OaSignPackageController,updatePlan,PUT,/signPackage/plan,/oa/signPackage/plan,未声明/公共接口,yes,AjaxResult,待逐接口核验,erp-modules/erp-oa/src/main/java/com/erp/oa/controller/OaSignPackageController.java:149,待生成版本化 OpenAPI 基线
BEAPI-0369,oa,OaSignPackageController,publishPlan,POST,/signPackage/plan/{planId}/publish,/oa/signPackage/plan/{planId}/publish,未声明/公共接口,yes,AjaxResult,待逐接口核验,erp-modules/erp-oa/src/main/java/com/erp/oa/controller/OaSignPackageController.java:161,待生成版本化 OpenAPI 基线
BEAPI-0370,oa,OaSignPackageController,list,GET,/signPackage/list,/oa/signPackage/list,未声明/公共接口,no,TableDataInfo,待逐接口核验,erp-modules/erp-oa/src/main/java/com/erp/oa/controller/OaSignPackageController.java:170,待生成版本化 OpenAPI 基线
BEAPI-0371,oa,OaSignPackageController,create,POST,/signPackage,/oa/signPackage,未声明/公共接口,yes,AjaxResult,待逐接口核验,erp-modules/erp-oa/src/main/java/com/erp/oa/controller/OaSignPackageController.java:182,待生成版本化 OpenAPI 基线
BEAPI-0372,oa,OaSignPackageController,batchPreview,POST,/signPackage/batch/preview,/oa/signPackage/batch/preview,未声明/公共接口,no,AjaxResult,待逐接口核验,erp-modules/erp-oa/src/main/java/com/erp/oa/controller/OaSignPackageController.java:189,待生成版本化 OpenAPI 基线
BEAPI-0373,oa,OaSignPackageController,batchCreateDrafts,POST,/signPackage/batch/createDrafts,/oa/signPackage/batch/createDrafts,未声明/公共接口,yes,AjaxResult,待逐接口核验,erp-modules/erp-oa/src/main/java/com/erp/oa/controller/OaSignPackageController.java:200,待生成版本化 OpenAPI 基线
BEAPI-0374,oa,OaSignPackageController,detail,GET,/signPackage/{packageId},/oa/signPackage/{packageId},未声明/公共接口,no,AjaxResult,待逐接口核验,erp-modules/erp-oa/src/main/java/com/erp/oa/controller/OaSignPackageController.java:209,待生成版本化 OpenAPI 基线
BEAPI-0375,oa,OaSignPackageController,verify,GET,/signPackage/{packageId}/verify,/oa/signPackage/{packageId}/verify,未声明/公共接口,no,AjaxResult,待逐接口核验,erp-modules/erp-oa/src/main/java/com/erp/oa/controller/OaSignPackageController.java:216,待生成版本化 OpenAPI 基线
BEAPI-0376,oa,OaSignPackageController,update,PUT,/signPackage/{packageId},/oa/signPackage/{packageId},未声明/公共接口,yes,AjaxResult,待逐接口核验,erp-modules/erp-oa/src/main/java/com/erp/oa/controller/OaSignPackageController.java:233,待生成版本化 OpenAPI 基线
BEAPI-0377,oa,OaSignPackageController,send,POST,/signPackage/{packageId}/send,/oa/signPackage/{packageId}/send,未声明/公共接口,yes,AjaxResult,待逐接口核验,erp-modules/erp-oa/src/main/java/com/erp/oa/controller/OaSignPackageController.java:244,待生成版本化 OpenAPI 基线
BEAPI-0378,oa,OaSignPackageController,companyOptions,GET,/signPackage/{packageId}/company-options,/oa/signPackage/{packageId}/company-options,未声明/公共接口,no,AjaxResult,待逐接口核验,erp-modules/erp-oa/src/main/java/com/erp/oa/controller/OaSignPackageController.java:251,待生成版本化 OpenAPI 基线
BEAPI-0379,oa,OaSignPackageController,finalizePackage,POST,/signPackage/{packageId}/finalize,/oa/signPackage/{packageId}/finalize,未声明/公共接口,yes,AjaxResult,待逐接口核验,erp-modules/erp-oa/src/main/java/com/erp/oa/controller/OaSignPackageController.java:274,待生成版本化 OpenAPI 基线
BEAPI-0380,oa,OaSignPackageController,companySeals,GET,/signPackage/company/seals,/oa/signPackage/company/seals,未声明/公共接口,no,AjaxResult,待逐接口核验,erp-modules/erp-oa/src/main/java/com/erp/oa/controller/OaSignPackageController.java:284,待生成版本化 OpenAPI 基线
BEAPI-0381,oa,OaSignPackageController,saveCompanySeal,POST,/signPackage/company/seals,/oa/signPackage/company/seals,未声明/公共接口,yes,AjaxResult,待逐接口核验,erp-modules/erp-oa/src/main/java/com/erp/oa/controller/OaSignPackageController.java:296,待生成版本化 OpenAPI 基线
BEAPI-0382,oa,OaSignPackageController,voidPackage,POST,/signPackage/{packageId}/void,/oa/signPackage/{packageId}/void,未声明/公共接口,yes,AjaxResult,待逐接口核验,erp-modules/erp-oa/src/main/java/com/erp/oa/controller/OaSignPackageController.java:307,待生成版本化 OpenAPI 基线
BEAPI-0383,oa,OaSignPackageController,matchTemplates,POST,/signPackage/template/match,/oa/signPackage/template/match,未声明/公共接口,no,AjaxResult,待逐接口核验,erp-modules/erp-oa/src/main/java/com/erp/oa/controller/OaSignPackageController.java:315,待生成版本化 OpenAPI 基线
BEAPI-0384,oa,OaSignPackageController,mobileList,GET,/signPackage/mobile/list,/oa/signPackage/mobile/list,未声明/公共接口,no,TableDataInfo,待逐接口核验,erp-modules/erp-oa/src/main/java/com/erp/oa/controller/OaSignPackageController.java:324,待生成版本化 OpenAPI 基线
BEAPI-0385,oa,OaSignPackageController,mobileDetail,GET,/signPackage/mobile/{packageId},/oa/signPackage/mobile/{packageId},未声明/公共接口,no,AjaxResult,待逐接口核验,erp-modules/erp-oa/src/main/java/com/erp/oa/controller/OaSignPackageController.java:333,待生成版本化 OpenAPI 基线
BEAPI-0386,oa,OaSignPackageController,mobileDocumentFile,GET,/signPackage/mobile/{packageId}/documents/{documentId}/file,/oa/signPackage/mobile/{packageId}/documents/{documentId}/file,未声明/公共接口,no,ResponseEntity<Resource>,待逐接口核验,erp-modules/erp-oa/src/main/java/com/erp/oa/controller/OaSignPackageController.java:340,待生成版本化 OpenAPI 基线
BEAPI-0387,oa,OaSignPackageController,mobileSignedDocumentFile,GET,/signPackage/mobile/{packageId}/documents/{documentId}/signed-file,/oa/signPackage/mobile/{packageId}/documents/{documentId}/signed-file,未声明/公共接口,no,ResponseEntity<Resource>,待逐接口核验,erp-modules/erp-oa/src/main/java/com/erp/oa/controller/OaSignPackageController.java:348,待生成版本化 OpenAPI 基线
BEAPI-0388,oa,OaSignPackageController,mobileFinalDocumentFile,GET,/signPackage/mobile/{packageId}/documents/{documentId}/final-file,/oa/signPackage/mobile/{packageId}/documents/{documentId}/final-file,未声明/公共接口,no,ResponseEntity<Resource>,待逐接口核验,erp-modules/erp-oa/src/main/java/com/erp/oa/controller/OaSignPackageController.java:356,待生成版本化 OpenAPI 基线
BEAPI-0389,oa,OaSignPackageController,mobileCertificateFile,GET,/signPackage/mobile/{packageId}/documents/{documentId}/certificate,/oa/signPackage/mobile/{packageId}/documents/{documentId}/certificate,未声明/公共接口,no,ResponseEntity<Resource>,待逐接口核验,erp-modules/erp-oa/src/main/java/com/erp/oa/controller/OaSignPackageController.java:364,待生成版本化 OpenAPI 基线
BEAPI-0390,oa,OaSignPackageController,documentFile,GET,/signPackage/{packageId}/documents/{documentId}/file,/oa/signPackage/{packageId}/documents/{documentId}/file,未声明/公共接口,no,ResponseEntity<Resource>,待逐接口核验,erp-modules/erp-oa/src/main/java/com/erp/oa/controller/OaSignPackageController.java:372,待生成版本化 OpenAPI 基线
BEAPI-0391,oa,OaSignPackageController,signedDocumentFile,GET,/signPackage/{packageId}/documents/{documentId}/signed-file,/oa/signPackage/{packageId}/documents/{documentId}/signed-file,未声明/公共接口,no,ResponseEntity<Resource>,待逐接口核验,erp-modules/erp-oa/src/main/java/com/erp/oa/controller/OaSignPackageController.java:380,待生成版本化 OpenAPI 基线
BEAPI-0392,oa,OaSignPackageController,finalDocumentFile,GET,/signPackage/{packageId}/documents/{documentId}/final-file,/oa/signPackage/{packageId}/documents/{documentId}/final-file,未声明/公共接口,no,ResponseEntity<Resource>,待逐接口核验,erp-modules/erp-oa/src/main/java/com/erp/oa/controller/OaSignPackageController.java:389,待生成版本化 OpenAPI 基线
BEAPI-0393,oa,OaSignPackageController,certificateFile,GET,/signPackage/{packageId}/documents/{documentId}/certificate,/oa/signPackage/{packageId}/documents/{documentId}/certificate,未声明/公共接口,no,ResponseEntity<Resource>,待逐接口核验,erp-modules/erp-oa/src/main/java/com/erp/oa/controller/OaSignPackageController.java:398,待生成版本化 OpenAPI 基线
BEAPI-0394,oa,OaSignPackageController,mobileRead,POST,/signPackage/mobile/{packageId}/read/{documentId},/oa/signPackage/mobile/{packageId}/read/{documentId},未声明/公共接口,yes,AjaxResult,待逐接口核验,erp-modules/erp-oa/src/main/java/com/erp/oa/controller/OaSignPackageController.java:407,待生成版本化 OpenAPI 基线
BEAPI-0395,oa,OaSignPackageController,mobileSign,POST,/signPackage/mobile/{packageId}/sign,/oa/signPackage/mobile/{packageId}/sign,未声明/公共接口,yes,AjaxResult,待逐接口核验,erp-modules/erp-oa/src/main/java/com/erp/oa/controller/OaSignPackageController.java:419,待生成版本化 OpenAPI 基线
BEAPI-0396,oa,OaSignPackageController,mobileFinalConfirm,POST,/signPackage/mobile/{packageId}/final-confirm,/oa/signPackage/mobile/{packageId}/final-confirm,未声明/公共接口,yes,AjaxResult,待逐接口核验,erp-modules/erp-oa/src/main/java/com/erp/oa/controller/OaSignPackageController.java:431,待生成版本化 OpenAPI 基线
BEAPI-0397,oa,OaSignTaskController,list,GET,/signTask/list,/oa/signTask/list,未声明/公共接口,no,TableDataInfo,待逐接口核验,erp-modules/erp-oa/src/main/java/com/erp/oa/controller/OaSignTaskController.java:34,待生成版本化 OpenAPI 基线
BEAPI-0398,oa,OaSignTaskController,metrics,GET,/signTask/metrics,/oa/signTask/metrics,未声明/公共接口,no,AjaxResult,待逐接口核验,erp-modules/erp-oa/src/main/java/com/erp/oa/controller/OaSignTaskController.java:43,待生成版本化 OpenAPI 基线
BEAPI-0399,oa,OaSignTaskController,detail,GET,/signTask/{taskId},/oa/signTask/{taskId},未声明/公共接口,no,AjaxResult,待逐接口核验,erp-modules/erp-oa/src/main/java/com/erp/oa/controller/OaSignTaskController.java:50,待生成版本化 OpenAPI 基线
BEAPI-0400,oa,OaSignTaskController,revalidate,POST,/signTask/{taskId}/revalidate,/oa/signTask/{taskId}/revalidate,未声明/公共接口,yes,AjaxResult,待逐接口核验,erp-modules/erp-oa/src/main/java/com/erp/oa/controller/OaSignTaskController.java:59,待生成版本化 OpenAPI 基线
BEAPI-0401,oa,OaSignTaskController,send,POST,/signTask/{taskId}/send,/oa/signTask/{taskId}/send,未声明/公共接口,yes,AjaxResult,待逐接口核验,erp-modules/erp-oa/src/main/java/com/erp/oa/controller/OaSignTaskController.java:71,待生成版本化 OpenAPI 基线
BEAPI-0402,oa,OaSignTaskController,retry,POST,/signTask/{taskId}/retry,/oa/signTask/{taskId}/retry,未声明/公共接口,yes,AjaxResult,待逐接口核验,erp-modules/erp-oa/src/main/java/com/erp/oa/controller/OaSignTaskController.java:83,待生成版本化 OpenAPI 基线
BEAPI-0403,oa,OaSignTaskController,retryNotification,POST,/signTask/{taskId}/notification/retry,/oa/signTask/{taskId}/notification/retry,未声明/公共接口,yes,AjaxResult,待逐接口核验,erp-modules/erp-oa/src/main/java/com/erp/oa/controller/OaSignTaskController.java:95,待生成版本化 OpenAPI 基线
BEAPI-0404,oa,OaSignTaskController,cancel,POST,/signTask/{taskId}/cancel,/oa/signTask/{taskId}/cancel,未声明/公共接口,yes,AjaxResult,待逐接口核验,erp-modules/erp-oa/src/main/java/com/erp/oa/controller/OaSignTaskController.java:106,待生成版本化 OpenAPI 基线
BEAPI-0405,oa,OaSignTaskInternalController,receiveEvent,POST,/signTask/inner/events,/oa/signTask/inner/events,未声明/公共接口,no,R<Long>,待逐接口核验,erp-modules/erp-oa/src/main/java/com/erp/oa/controller/OaSignTaskInternalController.java:26,待生成版本化 OpenAPI 基线
BEAPI-0406,oa,OaTodoController,summary,GET,/todo/summary,/oa/todo/summary,未声明/公共接口,no,AjaxResult,待逐接口核验,erp-modules/erp-oa/src/main/java/com/erp/oa/controller/OaTodoController.java:26,待生成版本化 OpenAPI 基线
BEAPI-0407,oa,OaTodoController,list,GET,/todo/list,/oa/todo/list,未声明/公共接口,no,TableDataInfo,待逐接口核验,erp-modules/erp-oa/src/main/java/com/erp/oa/controller/OaTodoController.java:34,待生成版本化 OpenAPI 基线
BEAPI-0408,system,HrCompletenessController,summary,GET,/hr/completeness/summary,/system/hr/completeness/summary,hr:completeness:list,no,AjaxResult,待逐接口核验,erp-modules/erp-system/src/main/java/com/erp/system/controller/HrCompletenessController.java:26,待生成版本化 OpenAPI 基线
BEAPI-0409,system,HrCompletenessController,employees,GET,/hr/completeness/employees,/system/hr/completeness/employees,hr:completeness:list,no,TableDataInfo,待逐接口核验,erp-modules/erp-system/src/main/java/com/erp/system/controller/HrCompletenessController.java:30,待生成版本化 OpenAPI 基线
BEAPI-0410,system,HrCompletenessController,departments,GET,/hr/completeness/departments,/system/hr/completeness/departments,hr:completeness:list,no,AjaxResult,待逐接口核验,erp-modules/erp-system/src/main/java/com/erp/system/controller/HrCompletenessController.java:42,待生成版本化 OpenAPI 基线
BEAPI-0411,system,HrEmployeeProfileController,list,GET,/hr/employee/list,/system/hr/employee/list,hr:employee:list,no,TableDataInfo,待逐接口核验,erp-modules/erp-system/src/main/java/com/erp/system/controller/HrEmployeeProfileController.java:47,待生成版本化 OpenAPI 基线
BEAPI-0412,system,HrEmployeeProfileController,summary,GET,/hr/employee/summary,/system/hr/employee/summary,hr:employee:list,no,AjaxResult,待逐接口核验,erp-modules/erp-system/src/main/java/com/erp/system/controller/HrEmployeeProfileController.java:57,待生成版本化 OpenAPI 基线
BEAPI-0413,system,HrEmployeeProfileController,formOptions,GET,/hr/employee/form-options,/system/hr/employee/form-options,hr:employee:query,no,AjaxResult,待逐接口核验,erp-modules/erp-system/src/main/java/com/erp/system/controller/HrEmployeeProfileController.java:62,待生成版本化 OpenAPI 基线
BEAPI-0414,system,HrEmployeeProfileController,derivedPreview,POST,/hr/employee/derived-preview,/system/hr/employee/derived-preview,hr:employee:edit,no,AjaxResult,待逐接口核验,erp-modules/erp-system/src/main/java/com/erp/system/controller/HrEmployeeProfileController.java:66,待生成版本化 OpenAPI 基线
BEAPI-0415,system,HrEmployeeProfileController,initializeProfile,POST,/hr/employee/{userId}/profile/initialize,/system/hr/employee/{userId}/profile/initialize,hr:employee:edit,no,AjaxResult,待逐接口核验,erp-modules/erp-system/src/main/java/com/erp/system/controller/HrEmployeeProfileController.java:73,待生成版本化 OpenAPI 基线
BEAPI-0416,system,HrEmployeeProfileController,getInfo,GET,/hr/employee/{userId},/system/hr/employee/{userId},hr:employee:query,no,AjaxResult,待逐接口核验,erp-modules/erp-system/src/main/java/com/erp/system/controller/HrEmployeeProfileController.java:78,待生成版本化 OpenAPI 基线
BEAPI-0417,system,HrEmployeeProfileController,completeness,GET,/hr/employee/{userId}/completeness,/system/hr/employee/{userId}/completeness,hr:employee:query,no,AjaxResult,待逐接口核验,erp-modules/erp-system/src/main/java/com/erp/system/controller/HrEmployeeProfileController.java:82,待生成版本化 OpenAPI 基线
BEAPI-0418,system,HrEmployeeProfileController,edit,PATCH,/hr/employee/{userId},/system/hr/employee/{userId},hr:employee:edit,no,AjaxResult,待逐接口核验,erp-modules/erp-system/src/main/java/com/erp/system/controller/HrEmployeeProfileController.java:88,待生成版本化 OpenAPI 基线
BEAPI-0419,system,HrEmployeeProfileController,editLegacy,PUT,/hr/employee/{userId},/system/hr/employee/{userId},hr:employee:edit,no,AjaxResult,待逐接口核验,erp-modules/erp-system/src/main/java/com/erp/system/controller/HrEmployeeProfileController.java:96,待生成版本化 OpenAPI 基线
BEAPI-0420,system,HrEmployeeProfileController,editLegacyRoot,PUT,/hr/employee,/system/hr/employee,hr:employee:edit,no,AjaxResult,待逐接口核验,erp-modules/erp-system/src/main/java/com/erp/system/controller/HrEmployeeProfileController.java:104,待生成版本化 OpenAPI 基线
BEAPI-0421,system,HrEmployeeProfileController,confirmRenewal,POST,/hr/employee/{userId}/renewal/confirm,/system/hr/employee/{userId}/renewal/confirm,hr:employee:renewal,no,AjaxResult,待逐接口核验,erp-modules/erp-system/src/main/java/com/erp/system/controller/HrEmployeeProfileController.java:111,待生成版本化 OpenAPI 基线
BEAPI-0422,system,HrEmployeeProfileController,confirmRegularization,POST,/hr/employee/{userId}/regularize,/system/hr/employee/{userId}/regularize,hr:employee:regularize,no,AjaxResult,待逐接口核验,erp-modules/erp-system/src/main/java/com/erp/system/controller/HrEmployeeProfileController.java:126,待生成版本化 OpenAPI 基线
BEAPI-0423,system,HrEmployeeProfileController,transferBusinessDate,GET,/hr/employee/transfer/business-date,/system/hr/employee/transfer/business-date,hr:employee:transfer,no,AjaxResult,待逐接口核验,erp-modules/erp-system/src/main/java/com/erp/system/controller/HrEmployeeProfileController.java:139,待生成版本化 OpenAPI 基线
BEAPI-0424,system,HrEmployeeProfileController,confirmTransfer,POST,/hr/employee/{userId}/transfer,/system/hr/employee/{userId}/transfer,hr:employee:transfer,no,AjaxResult,待逐接口核验,erp-modules/erp-system/src/main/java/com/erp/system/controller/HrEmployeeProfileController.java:148,待生成版本化 OpenAPI 基线
BEAPI-0425,system,HrEmployeeProfileController,offboardingBusinessDate,GET,/hr/employee/offboard/business-date,/system/hr/employee/offboard/business-date,hr:employee:offboard,no,AjaxResult,待逐接口核验,erp-modules/erp-system/src/main/java/com/erp/system/controller/HrEmployeeProfileController.java:161,待生成版本化 OpenAPI 基线
BEAPI-0426,system,HrEmployeeProfileController,confirmOffboarding,POST,/hr/employee/{userId}/offboard,/system/hr/employee/{userId}/offboard,hr:employee:offboard,no,AjaxResult,待逐接口核验,erp-modules/erp-system/src/main/java/com/erp/system/controller/HrEmployeeProfileController.java:170,待生成版本化 OpenAPI 基线
BEAPI-0427,system,HrEmployeeProfileController,export,POST,/hr/employee/export,/system/hr/employee/export,hr:employee:export,no,void,待逐接口核验,erp-modules/erp-system/src/main/java/com/erp/system/controller/HrEmployeeProfileController.java:185,待生成版本化 OpenAPI 基线
BEAPI-0428,system,HrEmployeeProfileController,reveal,POST,/hr/employee/{userId}/sensitive/reveal,/system/hr/employee/{userId}/sensitive/reveal,hr:employee:sensitive:view,no,AjaxResult,待逐接口核验,erp-modules/erp-system/src/main/java/com/erp/system/controller/HrEmployeeProfileController.java:195,待生成版本化 OpenAPI 基线
BEAPI-0429,system,HrEmployeeProfileController,exportSensitive,POST,/hr/employee/export-sensitive,/system/hr/employee/export-sensitive,hr:employee:export:sensitive,no,void,待逐接口核验,erp-modules/erp-system/src/main/java/com/erp/system/controller/HrEmployeeProfileController.java:206,待生成版本化 OpenAPI 基线
BEAPI-0430,system,HrEmployeeProfileController,importData,POST,/hr/employee/importData,/system/hr/employee/importData,hr:import:confirm,no,AjaxResult,待逐接口核验,erp-modules/erp-system/src/main/java/com/erp/system/controller/HrEmployeeProfileController.java:234,待生成版本化 OpenAPI 基线
BEAPI-0431,system,HrEmployeeProfileController,importTemplate,POST,/hr/employee/importTemplate,/system/hr/employee/importTemplate,hr:import:template,no,void,待逐接口核验,erp-modules/erp-system/src/main/java/com/erp/system/controller/HrEmployeeProfileController.java:245,待生成版本化 OpenAPI 基线
BEAPI-0432,system,HrHealthCertificateApprovalStartOutboxController,list,GET,/hr/health-certificate/approval-start-outbox/list,/system/hr/health-certificate/approval-start-outbox/list,未声明/公共接口,no,TableDataInfo,待逐接口核验,erp-modules/erp-system/src/main/java/com/erp/system/controller/HrHealthCertificateApprovalStartOutboxController.java:42,待生成版本化 OpenAPI 基线
BEAPI-0433,system,HrHealthCertificateApprovalStartOutboxController,summary,GET,/hr/health-certificate/approval-start-outbox/summary,/system/hr/health-certificate/approval-start-outbox/summary,未声明/公共接口,no,AjaxResult,待逐接口核验,erp-modules/erp-system/src/main/java/com/erp/system/controller/HrHealthCertificateApprovalStartOutboxController.java:51,待生成版本化 OpenAPI 基线
BEAPI-0434,system,HrHealthCertificateApprovalStartOutboxController,replay,POST,/hr/health-certificate/approval-start-outbox/{outboxId}/replay,/system/hr/health-certificate/approval-start-outbox/{outboxId}/replay,未声明/公共接口,yes,AjaxResult,待逐接口核验,erp-modules/erp-system/src/main/java/com/erp/system/controller/HrHealthCertificateApprovalStartOutboxController.java:62,待生成版本化 OpenAPI 基线
BEAPI-0435,system,HrHealthCertificateController,capability,GET,/hr/health-certificate/capability,/system/hr/health-certificate/capability,未声明/公共接口,no,AjaxResult,待逐接口核验,erp-modules/erp-system/src/main/java/com/erp/system/controller/HrHealthCertificateController.java:58,待生成版本化 OpenAPI 基线
BEAPI-0436,system,HrHealthCertificateController,me,GET,/hr/health-certificate/me,/system/hr/health-certificate/me,未声明/公共接口,no,AjaxResult,待逐接口核验,erp-modules/erp-system/src/main/java/com/erp/system/controller/HrHealthCertificateController.java:65,待生成版本化 OpenAPI 基线
BEAPI-0437,system,HrHealthCertificateController,saveMyDraft,POST,/hr/health-certificate/me/draft,/system/hr/health-certificate/me/draft,未声明/公共接口,yes,AjaxResult,待逐接口核验,erp-modules/erp-system/src/main/java/com/erp/system/controller/HrHealthCertificateController.java:75,待生成版本化 OpenAPI 基线
BEAPI-0438,system,HrHealthCertificateController,submitMine,POST,/hr/health-certificate/me/submit,/system/hr/health-certificate/me/submit,未声明/公共接口,yes,AjaxResult,待逐接口核验,erp-modules/erp-system/src/main/java/com/erp/system/controller/HrHealthCertificateController.java:86,待生成版本化 OpenAPI 基线
BEAPI-0439,system,HrHealthCertificateController,withdrawMine,POST,/hr/health-certificate/me/{certificateId}/withdraw,/system/hr/health-certificate/me/{certificateId}/withdraw,未声明/公共接口,yes,AjaxResult,待逐接口核验,erp-modules/erp-system/src/main/java/com/erp/system/controller/HrHealthCertificateController.java:98,待生成版本化 OpenAPI 基线
BEAPI-0440,system,HrHealthCertificateController,list,GET,/hr/health-certificate/list,/system/hr/health-certificate/list,未声明/公共接口,no,TableDataInfo,待逐接口核验,erp-modules/erp-system/src/main/java/com/erp/system/controller/HrHealthCertificateController.java:107,待生成版本化 OpenAPI 基线
BEAPI-0441,system,HrHealthCertificateController,opsSummary,GET,/hr/health-certificate/ops-summary,/system/hr/health-certificate/ops-summary,未声明/公共接口,no,AjaxResult,待逐接口核验,erp-modules/erp-system/src/main/java/com/erp/system/controller/HrHealthCertificateController.java:116,待生成版本化 OpenAPI 基线
BEAPI-0442,system,HrHealthCertificateController,employee,GET,/hr/health-certificate/employee/{userId},/system/hr/health-certificate/employee/{userId},未声明/公共接口,no,AjaxResult,待逐接口核验,erp-modules/erp-system/src/main/java/com/erp/system/controller/HrHealthCertificateController.java:123,待生成版本化 OpenAPI 基线
BEAPI-0443,system,HrHealthCertificateController,attachment,GET,/hr/health-certificate/{certificateId}/attachment,/system/hr/health-certificate/{certificateId}/attachment,未声明/公共接口,no,ResponseEntity<StreamingResponseBody>,待逐接口核验,erp-modules/erp-system/src/main/java/com/erp/system/controller/HrHealthCertificateController.java:130,待生成版本化 OpenAPI 基线
BEAPI-0444,system,HrHealthCertificateController,review,POST,/hr/health-certificate/{certificateId}/review,/system/hr/health-certificate/{certificateId}/review,未声明/公共接口,yes,AjaxResult,待逐接口核验,erp-modules/erp-system/src/main/java/com/erp/system/controller/HrHealthCertificateController.java:145,待生成版本化 OpenAPI 基线
BEAPI-0445,system,HrMasterDataReadinessController,summary,GET,/hr/completeness/master-data/summary,/system/hr/completeness/master-data/summary,未声明/公共接口,no,AjaxResult,待逐接口核验,erp-modules/erp-system/src/main/java/com/erp/system/controller/HrMasterDataReadinessController.java:32,待生成版本化 OpenAPI 基线
BEAPI-0446,system,HrMasterDataReadinessController,issues,GET,/hr/completeness/master-data/issues,/system/hr/completeness/master-data/issues,未声明/公共接口,no,TableDataInfo,待逐接口核验,erp-modules/erp-system/src/main/java/com/erp/system/controller/HrMasterDataReadinessController.java:39,待生成版本化 OpenAPI 基线
BEAPI-0447,system,HrMasterDataReadinessController,codes,GET,/hr/completeness/master-data/codes,/system/hr/completeness/master-data/codes,未声明/公共接口,no,AjaxResult,待逐接口核验,erp-modules/erp-system/src/main/java/com/erp/system/controller/HrMasterDataReadinessController.java:46,待生成版本化 OpenAPI 基线
BEAPI-0448,system,HrMasterDataReadinessController,export,POST,/hr/completeness/master-data/export,/system/hr/completeness/master-data/export,未声明/公共接口,no,void,待逐接口核验,erp-modules/erp-system/src/main/java/com/erp/system/controller/HrMasterDataReadinessController.java:53,待生成版本化 OpenAPI 基线
BEAPI-0449,system,HrOnboardingController,list,GET,/hr/onboarding/list,/system/hr/onboarding/list,hr:onboarding:list,no,TableDataInfo,待逐接口核验,erp-modules/erp-system/src/main/java/com/erp/system/controller/HrOnboardingController.java:46,待生成版本化 OpenAPI 基线
BEAPI-0450,system,HrOnboardingController,summary,GET,/hr/onboarding/summary,/system/hr/onboarding/summary,hr:onboarding:workbench,no,AjaxResult,待逐接口核验,erp-modules/erp-system/src/main/java/com/erp/system/controller/HrOnboardingController.java:56,待生成版本化 OpenAPI 基线
BEAPI-0451,system,HrOnboardingController,formOptions,GET,/hr/onboarding/form-options,/system/hr/onboarding/form-options,hr:onboarding:add | hr:onboarding:edit | hr:onboarding:list,no,AjaxResult,待逐接口核验,erp-modules/erp-system/src/main/java/com/erp/system/controller/HrOnboardingController.java:65,待生成版本化 OpenAPI 基线
BEAPI-0452,system,HrOnboardingController,create,POST,/hr/onboarding,/system/hr/onboarding,hr:onboarding:add,no,AjaxResult,待逐接口核验,erp-modules/erp-system/src/main/java/com/erp/system/controller/HrOnboardingController.java:74,待生成版本化 OpenAPI 基线
BEAPI-0453,system,HrOnboardingController,get,GET,/hr/onboarding/{id},/system/hr/onboarding/{id},hr:onboarding:query,no,AjaxResult,待逐接口核验,erp-modules/erp-system/src/main/java/com/erp/system/controller/HrOnboardingController.java:81,待生成版本化 OpenAPI 基线
BEAPI-0454,system,HrOnboardingController,conflicts,GET,/hr/onboarding/{id}/conflicts,/system/hr/onboarding/{id}/conflicts,hr:onboarding:confirm,no,AjaxResult,待逐接口核验,erp-modules/erp-system/src/main/java/com/erp/system/controller/HrOnboardingController.java:85,待生成版本化 OpenAPI 基线
BEAPI-0455,system,HrOnboardingController,confirm,POST,/hr/onboarding/{id}/confirm,/system/hr/onboarding/{id}/confirm,hr:onboarding:confirm,no,AjaxResult,待逐接口核验,erp-modules/erp-system/src/main/java/com/erp/system/controller/HrOnboardingController.java:94,待生成版本化 OpenAPI 基线
BEAPI-0456,system,HrOnboardingController,update,PUT,/hr/onboarding/{id},/system/hr/onboarding/{id},hr:onboarding:edit,no,AjaxResult,待逐接口核验,erp-modules/erp-system/src/main/java/com/erp/system/controller/HrOnboardingController.java:103,待生成版本化 OpenAPI 基线
BEAPI-0457,system,HrOnboardingController,ready,POST,/hr/onboarding/{id}/ready,/system/hr/onboarding/{id}/ready,hr:onboarding:ready,no,AjaxResult,待逐接口核验,erp-modules/erp-system/src/main/java/com/erp/system/controller/HrOnboardingController.java:112,待生成版本化 OpenAPI 基线
BEAPI-0458,system,HrOnboardingController,returnToDraft,POST,/hr/onboarding/{id}/return-to-draft,/system/hr/onboarding/{id}/return-to-draft,hr:onboarding:return,no,AjaxResult,待逐接口核验,erp-modules/erp-system/src/main/java/com/erp/system/controller/HrOnboardingController.java:121,待生成版本化 OpenAPI 基线
BEAPI-0459,system,HrOnboardingController,cancel,POST,/hr/onboarding/{id}/cancel,/system/hr/onboarding/{id}/cancel,hr:onboarding:cancel,no,AjaxResult,待逐接口核验,erp-modules/erp-system/src/main/java/com/erp/system/controller/HrOnboardingController.java:130,待生成版本化 OpenAPI 基线
BEAPI-0460,system,HrOnboardingController,restore,POST,/hr/onboarding/{id}/restore,/system/hr/onboarding/{id}/restore,hr:onboarding:restore,no,AjaxResult,待逐接口核验,erp-modules/erp-system/src/main/java/com/erp/system/controller/HrOnboardingController.java:139,待生成版本化 OpenAPI 基线
BEAPI-0461,system,HrOnboardingImportController,preview,POST,/hr/onboarding/import/preview,/system/hr/onboarding/import/preview,hr:onboarding:import:preview,no,AjaxResult,待逐接口核验,erp-modules/erp-system/src/main/java/com/erp/system/controller/HrOnboardingImportController.java:32,待生成版本化 OpenAPI 基线
BEAPI-0462,system,HrOnboardingImportController,get,GET,/hr/onboarding/import/{batchId},/system/hr/onboarding/import/{batchId},hr:onboarding:import:preview,no,AjaxResult,待逐接口核验,erp-modules/erp-system/src/main/java/com/erp/system/controller/HrOnboardingImportController.java:39,待生成版本化 OpenAPI 基线
BEAPI-0463,system,HrOnboardingImportController,confirm,POST,/hr/onboarding/import/{batchId}/confirm,/system/hr/onboarding/import/{batchId}/confirm,hr:onboarding:import:confirm,no,AjaxResult,待逐接口核验,erp-modules/erp-system/src/main/java/com/erp/system/controller/HrOnboardingImportController.java:48,待生成版本化 OpenAPI 基线
BEAPI-0464,system,HrOnboardingImportController,template,GET,/hr/onboarding/import/template,/system/hr/onboarding/import/template,hr:onboarding:import:template,no,void,待逐接口核验,erp-modules/erp-system/src/main/java/com/erp/system/controller/HrOnboardingImportController.java:57,待生成版本化 OpenAPI 基线
BEAPI-0465,system,HrOnboardingImportController,errors,GET,/hr/onboarding/import/{batchId}/errors,/system/hr/onboarding/import/{batchId}/errors,hr:onboarding:import:preview,no,void,待逐接口核验,erp-modules/erp-system/src/main/java/com/erp/system/controller/HrOnboardingImportController.java:66,待生成版本化 OpenAPI 基线
BEAPI-0466,system,HrOnboardingPositionConfigController,list,GET,/hr/onboarding/config/list,/system/hr/onboarding/config/list,hr:onboarding:config,no,TableDataInfo,待逐接口核验,erp-modules/erp-system/src/main/java/com/erp/system/controller/HrOnboardingPositionConfigController.java:35,待生成版本化 OpenAPI 基线
BEAPI-0467,system,HrOnboardingPositionConfigController,get,GET,/hr/onboarding/config/{id},/system/hr/onboarding/config/{id},hr:onboarding:config,no,AjaxResult,待逐接口核验,erp-modules/erp-system/src/main/java/com/erp/system/controller/HrOnboardingPositionConfigController.java:45,待生成版本化 OpenAPI 基线
BEAPI-0468,system,HrOnboardingPositionConfigController,create,POST,/hr/onboarding/config,/system/hr/onboarding/config,hr:onboarding:config,no,AjaxResult,待逐接口核验,erp-modules/erp-system/src/main/java/com/erp/system/controller/HrOnboardingPositionConfigController.java:50,待生成版本化 OpenAPI 基线
BEAPI-0469,system,HrOnboardingPositionConfigController,update,PUT,/hr/onboarding/config/{id},/system/hr/onboarding/config/{id},hr:onboarding:config,no,AjaxResult,待逐接口核验,erp-modules/erp-system/src/main/java/com/erp/system/controller/HrOnboardingPositionConfigController.java:58,待生成版本化 OpenAPI 基线
BEAPI-0470,system,HrOnboardingPositionConfigController,disable,POST,/hr/onboarding/config/{id}/disable,/system/hr/onboarding/config/{id}/disable,hr:onboarding:config,no,AjaxResult,待逐接口核验,erp-modules/erp-system/src/main/java/com/erp/system/controller/HrOnboardingPositionConfigController.java:66,待生成版本化 OpenAPI 基线
BEAPI-0471,system,HrOnboardingPositionConfigController,options,GET,/hr/onboarding/config/options,/system/hr/onboarding/config/options,hr:onboarding:config,no,AjaxResult,待逐接口核验,erp-modules/erp-system/src/main/java/com/erp/system/controller/HrOnboardingPositionConfigController.java:74,待生成版本化 OpenAPI 基线
BEAPI-0472,system,HrTeamController,list,GET,/hr/team/list,/system/hr/team/list,hr:team:list,no,TableDataInfo,待逐接口核验,erp-modules/erp-system/src/main/java/com/erp/system/controller/HrTeamController.java:34,待生成版本化 OpenAPI 基线
BEAPI-0473,system,HrTeamController,getInfo,GET,/hr/team/{userId},/system/hr/team/{userId},hr:team:list,no,AjaxResult,待逐接口核验,erp-modules/erp-system/src/main/java/com/erp/system/controller/HrTeamController.java:46,待生成版本化 OpenAPI 基线
BEAPI-0474,system,SysConfigController,list,GET,/config/list,/system/config/list,system:config:list,no,TableDataInfo,待逐接口核验,erp-modules/erp-system/src/main/java/com/erp/system/controller/SysConfigController.java:54,待生成版本化 OpenAPI 基线
BEAPI-0475,system,SysConfigController,export,POST,/config/export,/system/config/export,system:config:export,no,void,待逐接口核验,erp-modules/erp-system/src/main/java/com/erp/system/controller/SysConfigController.java:71,待生成版本化 OpenAPI 基线
BEAPI-0476,system,SysConfigController,getInfo,GET,/config/{configId},/system/config/{configId},system:config:query,no,AjaxResult,待逐接口核验,erp-modules/erp-system/src/main/java/com/erp/system/controller/SysConfigController.java:85,待生成版本化 OpenAPI 基线
BEAPI-0477,system,SysConfigController,getConfigKey,GET,/config/configKey/{configKey},/system/config/configKey/{configKey},system:config:query,no,AjaxResult,待逐接口核验,erp-modules/erp-system/src/main/java/com/erp/system/controller/SysConfigController.java:96,待生成版本化 OpenAPI 基线
BEAPI-0478,system,SysConfigController,innerConfigKey,GET,/config/inner/configKey/{configKey},/system/config/inner/configKey/{configKey},未声明/公共接口,no,R<String>,待逐接口核验,erp-modules/erp-system/src/main/java/com/erp/system/controller/SysConfigController.java:106,待生成版本化 OpenAPI 基线
BEAPI-0479,system,SysConfigController,add,POST,/config,/system/config,system:config:add,no,AjaxResult,待逐接口核验,erp-modules/erp-system/src/main/java/com/erp/system/controller/SysConfigController.java:118,待生成版本化 OpenAPI 基线
BEAPI-0480,system,SysConfigController,edit,PUT,/config,/system/config,system:config:edit,no,AjaxResult,待逐接口核验,erp-modules/erp-system/src/main/java/com/erp/system/controller/SysConfigController.java:135,待生成版本化 OpenAPI 基线
BEAPI-0481,system,SysConfigController,remove,DELETE,/config/{configIds},/system/config/{configIds},system:config:remove,no,AjaxResult,待逐接口核验,erp-modules/erp-system/src/main/java/com/erp/system/controller/SysConfigController.java:152,待生成版本化 OpenAPI 基线
BEAPI-0482,system,SysConfigController,refreshCache,DELETE,/config/refreshCache,/system/config/refreshCache,system:config:refresh,no,AjaxResult,待逐接口核验,erp-modules/erp-system/src/main/java/com/erp/system/controller/SysConfigController.java:165,待生成版本化 OpenAPI 基线
BEAPI-0483,system,SysDeptController,list,GET,/dept/list,/system/dept/list,system:dept:list,no,AjaxResult,待逐接口核验,erp-modules/erp-system/src/main/java/com/erp/system/controller/SysDeptController.java:57,待生成版本化 OpenAPI 基线
BEAPI-0484,system,SysDeptController,leaderOptions,GET,/dept/leader-options,/system/dept/leader-options,system:dept:list,no,AjaxResult,待逐接口核验,erp-modules/erp-system/src/main/java/com/erp/system/controller/SysDeptController.java:66,待生成版本化 OpenAPI 基线
BEAPI-0485,system,SysDeptController,shopTree,GET,/dept/shop-tree,/system/dept/shop-tree,system:dept:list,no,AjaxResult,待逐接口核验,erp-modules/erp-system/src/main/java/com/erp/system/controller/SysDeptController.java:77,待生成版本化 OpenAPI 基线
BEAPI-0486,system,SysDeptController,warehouseList,GET,/dept/warehouse-list,/system/dept/warehouse-list,system:dept:list,no,AjaxResult,待逐接口核验,erp-modules/erp-system/src/main/java/com/erp/system/controller/SysDeptController.java:106,待生成版本化 OpenAPI 基线
BEAPI-0487,system,SysDeptController,visibleStoreList,GET,/dept/visible-store-list,/system/dept/visible-store-list,未声明/公共接口,no,AjaxResult,待逐接口核验,erp-modules/erp-system/src/main/java/com/erp/system/controller/SysDeptController.java:117,待生成版本化 OpenAPI 基线
BEAPI-0488,system,SysDeptController,excludeChild,GET,/dept/list/exclude/{deptId},/system/dept/list/exclude/{deptId},system:dept:list,no,AjaxResult,待逐接口核验,erp-modules/erp-system/src/main/java/com/erp/system/controller/SysDeptController.java:129,待生成版本化 OpenAPI 基线
BEAPI-0489,system,SysDeptController,getInfo,GET,/dept/{deptId},/system/dept/{deptId},system:dept:query,no,AjaxResult,待逐接口核验,erp-modules/erp-system/src/main/java/com/erp/system/controller/SysDeptController.java:141,待生成版本化 OpenAPI 基线
BEAPI-0490,system,SysDeptController,add,POST,/dept,/system/dept,system:dept:add,no,AjaxResult,待逐接口核验,erp-modules/erp-system/src/main/java/com/erp/system/controller/SysDeptController.java:153,待生成版本化 OpenAPI 基线
BEAPI-0491,system,SysDeptController,edit,PUT,/dept,/system/dept,system:dept:edit,no,AjaxResult,待逐接口核验,erp-modules/erp-system/src/main/java/com/erp/system/controller/SysDeptController.java:169,待生成版本化 OpenAPI 基线
BEAPI-0492,system,SysDeptController,updateSort,PUT,/dept/updateSort,/system/dept/updateSort,system:dept:edit,no,AjaxResult,待逐接口核验,erp-modules/erp-system/src/main/java/com/erp/system/controller/SysDeptController.java:196,待生成版本化 OpenAPI 基线
BEAPI-0493,system,SysDeptController,remove,DELETE,/dept/{deptId},/system/dept/{deptId},system:dept:remove,no,AjaxResult,待逐接口核验,erp-modules/erp-system/src/main/java/com/erp/system/controller/SysDeptController.java:217,待生成版本化 OpenAPI 基线
BEAPI-0494,system,SysDictDataController,list,GET,/dict/data/list,/system/dict/data/list,system:dict:list,no,TableDataInfo,待逐接口核验,erp-modules/erp-system/src/main/java/com/erp/system/controller/SysDictDataController.java:47,待生成版本化 OpenAPI 基线
BEAPI-0495,system,SysDictDataController,export,POST,/dict/data/export,/system/dict/data/export,system:dict:export,no,void,待逐接口核验,erp-modules/erp-system/src/main/java/com/erp/system/controller/SysDictDataController.java:57,待生成版本化 OpenAPI 基线
BEAPI-0496,system,SysDictDataController,getInfo,GET,/dict/data/{dictCode},/system/dict/data/{dictCode},system:dict:query,no,AjaxResult,待逐接口核验,erp-modules/erp-system/src/main/java/com/erp/system/controller/SysDictDataController.java:69,待生成版本化 OpenAPI 基线
BEAPI-0497,system,SysDictDataController,dictType,GET,/dict/data/type/{dictType},/system/dict/data/type/{dictType},未声明/公共接口,no,AjaxResult,待逐接口核验,erp-modules/erp-system/src/main/java/com/erp/system/controller/SysDictDataController.java:79,待生成版本化 OpenAPI 基线
BEAPI-0498,system,SysDictDataController,add,POST,/dict/data,/system/dict/data,system:dict:add,no,AjaxResult,待逐接口核验,erp-modules/erp-system/src/main/java/com/erp/system/controller/SysDictDataController.java:95,待生成版本化 OpenAPI 基线
BEAPI-0499,system,SysDictDataController,edit,PUT,/dict/data,/system/dict/data,system:dict:edit,no,AjaxResult,待逐接口核验,erp-modules/erp-system/src/main/java/com/erp/system/controller/SysDictDataController.java:107,待生成版本化 OpenAPI 基线
BEAPI-0500,system,SysDictDataController,remove,DELETE,/dict/data/{dictCodes},/system/dict/data/{dictCodes},system:dict:remove,no,AjaxResult,待逐接口核验,erp-modules/erp-system/src/main/java/com/erp/system/controller/SysDictDataController.java:119,待生成版本化 OpenAPI 基线
BEAPI-0501,system,SysDictTypeController,list,GET,/dict/type/list,/system/dict/type/list,system:dict:list,no,TableDataInfo,待逐接口核验,erp-modules/erp-system/src/main/java/com/erp/system/controller/SysDictTypeController.java:41,待生成版本化 OpenAPI 基线
BEAPI-0502,system,SysDictTypeController,export,POST,/dict/type/export,/system/dict/type/export,system:dict:export,no,void,待逐接口核验,erp-modules/erp-system/src/main/java/com/erp/system/controller/SysDictTypeController.java:51,待生成版本化 OpenAPI 基线
BEAPI-0503,system,SysDictTypeController,getInfo,GET,/dict/type/{dictId},/system/dict/type/{dictId},system:dict:query,no,AjaxResult,待逐接口核验,erp-modules/erp-system/src/main/java/com/erp/system/controller/SysDictTypeController.java:63,待生成版本化 OpenAPI 基线
BEAPI-0504,system,SysDictTypeController,add,POST,/dict/type,/system/dict/type,system:dict:add,no,AjaxResult,待逐接口核验,erp-modules/erp-system/src/main/java/com/erp/system/controller/SysDictTypeController.java:74,待生成版本化 OpenAPI 基线
BEAPI-0505,system,SysDictTypeController,edit,PUT,/dict/type,/system/dict/type,system:dict:edit,no,AjaxResult,待逐接口核验,erp-modules/erp-system/src/main/java/com/erp/system/controller/SysDictTypeController.java:90,待生成版本化 OpenAPI 基线
BEAPI-0506,system,SysDictTypeController,remove,DELETE,/dict/type/{dictIds},/system/dict/type/{dictIds},system:dict:remove,no,AjaxResult,待逐接口核验,erp-modules/erp-system/src/main/java/com/erp/system/controller/SysDictTypeController.java:106,待生成版本化 OpenAPI 基线
BEAPI-0507,system,SysDictTypeController,refreshCache,DELETE,/dict/type/refreshCache,/system/dict/type/refreshCache,system:dict:remove,no,AjaxResult,待逐接口核验,erp-modules/erp-system/src/main/java/com/erp/system/controller/SysDictTypeController.java:118,待生成版本化 OpenAPI 基线
BEAPI-0508,system,SysDictTypeController,optionselect,GET,/dict/type/optionselect,/system/dict/type/optionselect,未声明/公共接口,no,AjaxResult,待逐接口核验,erp-modules/erp-system/src/main/java/com/erp/system/controller/SysDictTypeController.java:129,待生成版本化 OpenAPI 基线
BEAPI-0509,system,SysLegalEntityController,options,GET,/legalEntity/options,/system/legalEntity/options,未声明/公共接口,no,AjaxResult,待逐接口核验,erp-modules/erp-system/src/main/java/com/erp/system/controller/SysLegalEntityController.java:34,待生成版本化 OpenAPI 基线
BEAPI-0510,system,SysLegalEntityController,list,GET,/legalEntity/list,/system/legalEntity/list,system:dept:list,no,AjaxResult,待逐接口核验,erp-modules/erp-system/src/main/java/com/erp/system/controller/SysLegalEntityController.java:41,待生成版本化 OpenAPI 基线
BEAPI-0511,system,SysLegalEntityController,detail,GET,/legalEntity/{legalEntityId},/system/legalEntity/{legalEntityId},system:dept:query,no,AjaxResult,待逐接口核验,erp-modules/erp-system/src/main/java/com/erp/system/controller/SysLegalEntityController.java:48,待生成版本化 OpenAPI 基线
BEAPI-0512,system,SysLegalEntityController,add,POST,/legalEntity,/system/legalEntity,system:dept:edit,no,AjaxResult,待逐接口核验,erp-modules/erp-system/src/main/java/com/erp/system/controller/SysLegalEntityController.java:56,待生成版本化 OpenAPI 基线
BEAPI-0513,system,SysLegalEntityController,edit,PUT,/legalEntity,/system/legalEntity,system:dept:edit,no,AjaxResult,待逐接口核验,erp-modules/erp-system/src/main/java/com/erp/system/controller/SysLegalEntityController.java:66,待生成版本化 OpenAPI 基线
BEAPI-0514,system,SysLogininforController,list,GET,/logininfor/list,/system/logininfor/list,system:logininfor:list,no,TableDataInfo,待逐接口核验,erp-modules/erp-system/src/main/java/com/erp/system/controller/SysLogininforController.java:43,待生成版本化 OpenAPI 基线
BEAPI-0515,system,SysLogininforController,export,POST,/logininfor/export,/system/logininfor/export,system:logininfor:export,no,void,待逐接口核验,erp-modules/erp-system/src/main/java/com/erp/system/controller/SysLogininforController.java:53,待生成版本化 OpenAPI 基线
BEAPI-0516,system,SysLogininforController,remove,DELETE,/logininfor/{infoIds},/system/logininfor/{infoIds},system:logininfor:remove,no,AjaxResult,待逐接口核验,erp-modules/erp-system/src/main/java/com/erp/system/controller/SysLogininforController.java:63,待生成版本化 OpenAPI 基线
BEAPI-0517,system,SysLogininforController,clean,DELETE,/logininfor/clean,/system/logininfor/clean,system:logininfor:remove,no,AjaxResult,待逐接口核验,erp-modules/erp-system/src/main/java/com/erp/system/controller/SysLogininforController.java:71,待生成版本化 OpenAPI 基线
BEAPI-0518,system,SysLogininforController,unlock,GET,/logininfor/unlock/{userName},/system/logininfor/unlock/{userName},system:logininfor:unlock,no,AjaxResult,待逐接口核验,erp-modules/erp-system/src/main/java/com/erp/system/controller/SysLogininforController.java:80,待生成版本化 OpenAPI 基线
BEAPI-0519,system,SysLogininforController,add,POST,/logininfor,/system/logininfor,未声明/公共接口,no,AjaxResult,待逐接口核验,erp-modules/erp-system/src/main/java/com/erp/system/controller/SysLogininforController.java:88,待生成版本化 OpenAPI 基线
BEAPI-0520,system,SysMenuController,list,GET,/menu/list,/system/menu/list,system:menu:list,no,AjaxResult,待逐接口核验,erp-modules/erp-system/src/main/java/com/erp/system/controller/SysMenuController.java:46,待生成版本化 OpenAPI 基线
BEAPI-0521,system,SysMenuController,getInfo,GET,/menu/{menuId},/system/menu/{menuId},system:menu:query,no,AjaxResult,待逐接口核验,erp-modules/erp-system/src/main/java/com/erp/system/controller/SysMenuController.java:58,待生成版本化 OpenAPI 基线
BEAPI-0522,system,SysMenuController,treeselect,GET,/menu/treeselect,/system/menu/treeselect,未声明/公共接口,no,AjaxResult,待逐接口核验,erp-modules/erp-system/src/main/java/com/erp/system/controller/SysMenuController.java:68,待生成版本化 OpenAPI 基线
BEAPI-0523,system,SysMenuController,roleMenuTreeselect,GET,/menu/roleMenuTreeselect/{roleId},/system/menu/roleMenuTreeselect/{roleId},未声明/公共接口,no,AjaxResult,待逐接口核验,erp-modules/erp-system/src/main/java/com/erp/system/controller/SysMenuController.java:80,待生成版本化 OpenAPI 基线
BEAPI-0524,system,SysMenuController,add,POST,/menu,/system/menu,system:menu:add,no,AjaxResult,待逐接口核验,erp-modules/erp-system/src/main/java/com/erp/system/controller/SysMenuController.java:96,待生成版本化 OpenAPI 基线
BEAPI-0525,system,SysMenuController,edit,PUT,/menu,/system/menu,system:menu:edit,no,AjaxResult,待逐接口核验,erp-modules/erp-system/src/main/java/com/erp/system/controller/SysMenuController.java:120,待生成版本化 OpenAPI 基线
BEAPI-0526,system,SysMenuController,updateSort,PUT,/menu/updateSort,/system/menu/updateSort,system:menu:edit,no,AjaxResult,待逐接口核验,erp-modules/erp-system/src/main/java/com/erp/system/controller/SysMenuController.java:149,待生成版本化 OpenAPI 基线
BEAPI-0527,system,SysMenuController,remove,DELETE,/menu/{menuId},/system/menu/{menuId},system:menu:remove,no,AjaxResult,待逐接口核验,erp-modules/erp-system/src/main/java/com/erp/system/controller/SysMenuController.java:170,待生成版本化 OpenAPI 基线
BEAPI-0528,system,SysMenuController,getRouters,GET,/menu/getRouters,/system/menu/getRouters,未声明/公共接口,no,AjaxResult,待逐接口核验,erp-modules/erp-system/src/main/java/com/erp/system/controller/SysMenuController.java:190,待生成版本化 OpenAPI 基线
BEAPI-0529,system,SysMobileController,profile,GET,/mobile/profile,/system/mobile/profile,未声明/公共接口,no,AjaxResult,待逐接口核验,erp-modules/erp-system/src/main/java/com/erp/system/controller/SysMobileController.java:33,待生成版本化 OpenAPI 基线
BEAPI-0530,system,SysMobileController,warehouseOptions,GET,/mobile/options/warehouses,/system/mobile/options/warehouses,未声明/公共接口,no,AjaxResult,待逐接口核验,erp-modules/erp-system/src/main/java/com/erp/system/controller/SysMobileController.java:56,待生成版本化 OpenAPI 基线
BEAPI-0531,system,SysNoticeController,list,GET,/notice/list,/system/notice/list,system:notice:list,no,TableDataInfo,待逐接口核验,erp-modules/erp-system/src/main/java/com/erp/system/controller/SysNoticeController.java:53,待生成版本化 OpenAPI 基线
BEAPI-0532,system,SysNoticeController,getInfo,GET,/notice/{noticeId},/system/notice/{noticeId},system:notice:query,no,AjaxResult,待逐接口核验,erp-modules/erp-system/src/main/java/com/erp/system/controller/SysNoticeController.java:65,待生成版本化 OpenAPI 基线
BEAPI-0533,system,SysNoticeController,getInboxInfo,GET,/notice/inbox/{noticeId},/system/notice/inbox/{noticeId},未声明/公共接口,no,AjaxResult,待逐接口核验,erp-modules/erp-system/src/main/java/com/erp/system/controller/SysNoticeController.java:75,待生成版本化 OpenAPI 基线
BEAPI-0534,system,SysNoticeController,add,POST,/notice,/system/notice,system:notice:add,no,AjaxResult,待逐接口核验,erp-modules/erp-system/src/main/java/com/erp/system/controller/SysNoticeController.java:87,待生成版本化 OpenAPI 基线
BEAPI-0535,system,SysNoticeController,edit,PUT,/notice,/system/notice,system:notice:edit,no,AjaxResult,待逐接口核验,erp-modules/erp-system/src/main/java/com/erp/system/controller/SysNoticeController.java:108,待生成版本化 OpenAPI 基线
BEAPI-0536,system,SysNoticeController,audiencePreview,POST,/notice/audience-preview,/system/notice/audience-preview,system:notice:add | system:notice:edit,no,AjaxResult,待逐接口核验,erp-modules/erp-system/src/main/java/com/erp/system/controller/SysNoticeController.java:124,待生成版本化 OpenAPI 基线
BEAPI-0537,system,SysNoticeController,audienceOptions,GET,/notice/audience-options,/system/notice/audience-options,system:notice:add | system:notice:edit,no,AjaxResult,待逐接口核验,erp-modules/erp-system/src/main/java/com/erp/system/controller/SysNoticeController.java:138,待生成版本化 OpenAPI 基线
BEAPI-0538,system,SysNoticeController,publish,POST,/notice/{noticeId}/publish,/system/notice/{noticeId}/publish,system:notice:publish,no,AjaxResult,待逐接口核验,erp-modules/erp-system/src/main/java/com/erp/system/controller/SysNoticeController.java:154,待生成版本化 OpenAPI 基线
BEAPI-0539,system,SysNoticeController,cancelSchedule,POST,/notice/{noticeId}/cancel-schedule,/system/notice/{noticeId}/cancel-schedule,system:notice:publish,no,AjaxResult,待逐接口核验,erp-modules/erp-system/src/main/java/com/erp/system/controller/SysNoticeController.java:171,待生成版本化 OpenAPI 基线
BEAPI-0540,system,SysNoticeController,offline,POST,/notice/{noticeId}/offline,/system/notice/{noticeId}/offline,system:notice:publish,no,AjaxResult,待逐接口核验,erp-modules/erp-system/src/main/java/com/erp/system/controller/SysNoticeController.java:189,待生成版本化 OpenAPI 基线
BEAPI-0541,system,SysNoticeController,createNewVersion,POST,/notice/{noticeId}/new-version,/system/notice/{noticeId}/new-version,system:notice:edit,no,AjaxResult,待逐接口核验,erp-modules/erp-system/src/main/java/com/erp/system/controller/SysNoticeController.java:207,待生成版本化 OpenAPI 基线
BEAPI-0542,system,SysNoticeController,listTop,GET,/notice/listTop,/system/notice/listTop,未声明/公共接口,no,AjaxResult,待逐接口核验,erp-modules/erp-system/src/main/java/com/erp/system/controller/SysNoticeController.java:227,待生成版本化 OpenAPI 基线
BEAPI-0543,system,SysNoticeController,markRead,POST,/notice/markRead,/system/notice/markRead,未声明/公共接口,no,AjaxResult,待逐接口核验,erp-modules/erp-system/src/main/java/com/erp/system/controller/SysNoticeController.java:243,待生成版本化 OpenAPI 基线
BEAPI-0544,system,SysNoticeController,markReadAll,POST,/notice/markReadAll,/system/notice/markReadAll,未声明/公共接口,no,AjaxResult,待逐接口核验,erp-modules/erp-system/src/main/java/com/erp/system/controller/SysNoticeController.java:256,待生成版本化 OpenAPI 基线
BEAPI-0545,system,SysNoticeController,readUsersList,GET,/notice/readUsers/list,/system/notice/readUsers/list,system:notice:list,no,TableDataInfo,待逐接口核验,erp-modules/erp-system/src/main/java/com/erp/system/controller/SysNoticeController.java:271,待生成版本化 OpenAPI 基线
BEAPI-0546,system,SysNoticeController,remove,DELETE,/notice/{noticeIds},/system/notice/{noticeIds},system:notice:remove,no,AjaxResult,待逐接口核验,erp-modules/erp-system/src/main/java/com/erp/system/controller/SysNoticeController.java:285,待生成版本化 OpenAPI 基线
BEAPI-0547,system,SysOperlogController,list,GET,/operlog/list,/system/operlog/list,system:operlog:list,no,TableDataInfo,待逐接口核验,erp-modules/erp-system/src/main/java/com/erp/system/controller/SysOperlogController.java:40,待生成版本化 OpenAPI 基线
BEAPI-0548,system,SysOperlogController,export,POST,/operlog/export,/system/operlog/export,system:operlog:export,no,void,待逐接口核验,erp-modules/erp-system/src/main/java/com/erp/system/controller/SysOperlogController.java:51,待生成版本化 OpenAPI 基线
BEAPI-0549,system,SysOperlogController,getInfo,GET,/operlog/{operId},/system/operlog/{operId},system:operlog:query,no,AjaxResult,待逐接口核验,erp-modules/erp-system/src/main/java/com/erp/system/controller/SysOperlogController.java:60,待生成版本化 OpenAPI 基线
BEAPI-0550,system,SysOperlogController,remove,DELETE,/operlog/{operIds},/system/operlog/{operIds},system:operlog:remove,no,AjaxResult,待逐接口核验,erp-modules/erp-system/src/main/java/com/erp/system/controller/SysOperlogController.java:69,待生成版本化 OpenAPI 基线
BEAPI-0551,system,SysOperlogController,clean,DELETE,/operlog/clean,/system/operlog/clean,system:operlog:remove,no,AjaxResult,待逐接口核验,erp-modules/erp-system/src/main/java/com/erp/system/controller/SysOperlogController.java:78,待生成版本化 OpenAPI 基线
BEAPI-0552,system,SysOperlogController,add,POST,/operlog,/system/operlog,未声明/公共接口,no,AjaxResult,待逐接口核验,erp-modules/erp-system/src/main/java/com/erp/system/controller/SysOperlogController.java:86,待生成版本化 OpenAPI 基线
BEAPI-0553,system,SysPostController,list,GET,/post/list,/system/post/list,system:post:list,no,TableDataInfo,待逐接口核验,erp-modules/erp-system/src/main/java/com/erp/system/controller/SysPostController.java:44,待生成版本化 OpenAPI 基线
BEAPI-0554,system,SysPostController,export,POST,/post/export,/system/post/export,system:post:export,no,void,待逐接口核验,erp-modules/erp-system/src/main/java/com/erp/system/controller/SysPostController.java:54,待生成版本化 OpenAPI 基线
BEAPI-0555,system,SysPostController,getInfo,GET,/post/{postId},/system/post/{postId},system:post:query,no,AjaxResult,待逐接口核验,erp-modules/erp-system/src/main/java/com/erp/system/controller/SysPostController.java:66,待生成版本化 OpenAPI 基线
BEAPI-0556,system,SysPostController,add,POST,/post,/system/post,system:post:add,no,AjaxResult,待逐接口核验,erp-modules/erp-system/src/main/java/com/erp/system/controller/SysPostController.java:77,待生成版本化 OpenAPI 基线
BEAPI-0557,system,SysPostController,edit,PUT,/post,/system/post,system:post:edit,no,AjaxResult,待逐接口核验,erp-modules/erp-system/src/main/java/com/erp/system/controller/SysPostController.java:97,待生成版本化 OpenAPI 基线
BEAPI-0558,system,SysPostController,remove,DELETE,/post/{postIds},/system/post/{postIds},system:post:remove,no,AjaxResult,待逐接口核验,erp-modules/erp-system/src/main/java/com/erp/system/controller/SysPostController.java:117,待生成版本化 OpenAPI 基线
BEAPI-0559,system,SysPostController,optionselect,GET,/post/optionselect,/system/post/optionselect,未声明/公共接口,no,AjaxResult,待逐接口核验,erp-modules/erp-system/src/main/java/com/erp/system/controller/SysPostController.java:127,待生成版本化 OpenAPI 基线
BEAPI-0560,system,SysProfileController,profile,GET,/user/profile,/system/user/profile,未声明/公共接口,no,AjaxResult,待逐接口核验,erp-modules/erp-system/src/main/java/com/erp/system/controller/SysProfileController.java:80,待生成版本化 OpenAPI 基线
BEAPI-0561,system,SysProfileController,profileCompletion,GET,/user/profile/completion,/system/user/profile/completion,未声明/公共接口,no,AjaxResult,待逐接口核验,erp-modules/erp-system/src/main/java/com/erp/system/controller/SysProfileController.java:96,待生成版本化 OpenAPI 基线
BEAPI-0562,system,SysProfileController,updateProfileCompletion,PUT,/user/profile/completion,/system/user/profile/completion,未声明/公共接口,yes,AjaxResult,待逐接口核验,erp-modules/erp-system/src/main/java/com/erp/system/controller/SysProfileController.java:108,待生成版本化 OpenAPI 基线
BEAPI-0563,system,SysProfileController,updateProfile,PUT,/user/profile,/system/user/profile,未声明/公共接口,yes,AjaxResult,待逐接口核验,erp-modules/erp-system/src/main/java/com/erp/system/controller/SysProfileController.java:127,待生成版本化 OpenAPI 基线
BEAPI-0564,system,SysProfileController,updatePwd,PUT,/user/profile/updatePwd,/system/user/profile/updatePwd,未声明/公共接口,yes,AjaxResult,待逐接口核验,erp-modules/erp-system/src/main/java/com/erp/system/controller/SysProfileController.java:166,待生成版本化 OpenAPI 基线
BEAPI-0565,system,SysProfileController,avatar,POST,/user/profile/avatar,/system/user/profile/avatar,未声明/公共接口,yes,AjaxResult,待逐接口核验,erp-modules/erp-system/src/main/java/com/erp/system/controller/SysProfileController.java:217,待生成版本化 OpenAPI 基线
BEAPI-0566,system,SysRoleController,list,GET,/role/list,/system/role/list,system:role:list,no,TableDataInfo,待逐接口核验,erp-modules/erp-system/src/main/java/com/erp/system/controller/SysRoleController.java:57,待生成版本化 OpenAPI 基线
BEAPI-0567,system,SysRoleController,export,POST,/role/export,/system/role/export,system:role:export,no,void,待逐接口核验,erp-modules/erp-system/src/main/java/com/erp/system/controller/SysRoleController.java:67,待生成版本化 OpenAPI 基线
BEAPI-0568,system,SysRoleController,getInfo,GET,/role/{roleId},/system/role/{roleId},system:role:query,no,AjaxResult,待逐接口核验,erp-modules/erp-system/src/main/java/com/erp/system/controller/SysRoleController.java:79,待生成版本化 OpenAPI 基线
BEAPI-0569,system,SysRoleController,add,POST,/role,/system/role,system:role:add,no,AjaxResult,待逐接口核验,erp-modules/erp-system/src/main/java/com/erp/system/controller/SysRoleController.java:91,待生成版本化 OpenAPI 基线
BEAPI-0570,system,SysRoleController,edit,PUT,/role,/system/role,system:role:edit,no,AjaxResult,待逐接口核验,erp-modules/erp-system/src/main/java/com/erp/system/controller/SysRoleController.java:113,待生成版本化 OpenAPI 基线
BEAPI-0571,system,SysRoleController,dataScope,PUT,/role/dataScope,/system/role/dataScope,system:role:edit,no,AjaxResult,待逐接口核验,erp-modules/erp-system/src/main/java/com/erp/system/controller/SysRoleController.java:135,待生成版本化 OpenAPI 基线
BEAPI-0572,system,SysRoleController,changeStatus,PUT,/role/changeStatus,/system/role/changeStatus,system:role:edit,no,AjaxResult,待逐接口核验,erp-modules/erp-system/src/main/java/com/erp/system/controller/SysRoleController.java:148,待生成版本化 OpenAPI 基线
BEAPI-0573,system,SysRoleController,remove,DELETE,/role/{roleIds},/system/role/{roleIds},system:role:remove,no,AjaxResult,待逐接口核验,erp-modules/erp-system/src/main/java/com/erp/system/controller/SysRoleController.java:162,待生成版本化 OpenAPI 基线
BEAPI-0574,system,SysRoleController,optionselect,GET,/role/optionselect,/system/role/optionselect,system:role:query,no,AjaxResult,待逐接口核验,erp-modules/erp-system/src/main/java/com/erp/system/controller/SysRoleController.java:172,待生成版本化 OpenAPI 基线
BEAPI-0575,system,SysRoleController,allocatedList,GET,/role/authUser/allocatedList,/system/role/authUser/allocatedList,system:role:list,no,TableDataInfo,待逐接口核验,erp-modules/erp-system/src/main/java/com/erp/system/controller/SysRoleController.java:181,待生成版本化 OpenAPI 基线
BEAPI-0576,system,SysRoleController,unallocatedList,GET,/role/authUser/unallocatedList,/system/role/authUser/unallocatedList,system:role:list,no,TableDataInfo,待逐接口核验,erp-modules/erp-system/src/main/java/com/erp/system/controller/SysRoleController.java:194,待生成版本化 OpenAPI 基线
BEAPI-0577,system,SysRoleController,cancelAuthUser,PUT,/role/authUser/cancel,/system/role/authUser/cancel,system:role:edit,no,AjaxResult,待逐接口核验,erp-modules/erp-system/src/main/java/com/erp/system/controller/SysRoleController.java:208,待生成版本化 OpenAPI 基线
BEAPI-0578,system,SysRoleController,cancelAuthUserAll,PUT,/role/authUser/cancelAll,/system/role/authUser/cancelAll,system:role:edit,no,AjaxResult,待逐接口核验,erp-modules/erp-system/src/main/java/com/erp/system/controller/SysRoleController.java:219,待生成版本化 OpenAPI 基线
BEAPI-0579,system,SysRoleController,selectAuthUserAll,PUT,/role/authUser/selectAll,/system/role/authUser/selectAll,system:role:edit,no,AjaxResult,待逐接口核验,erp-modules/erp-system/src/main/java/com/erp/system/controller/SysRoleController.java:230,待生成版本化 OpenAPI 基线
BEAPI-0580,system,SysRoleController,deptTree,GET,/role/deptTree/{roleId},/system/role/deptTree/{roleId},system:role:query,no,AjaxResult,待逐接口核验,erp-modules/erp-system/src/main/java/com/erp/system/controller/SysRoleController.java:241,待生成版本化 OpenAPI 基线
BEAPI-0581,system,SysRoleController,createDeptTree,GET,/role/deptTree,/system/role/deptTree,system:role:add,no,AjaxResult,待逐接口核验,erp-modules/erp-system/src/main/java/com/erp/system/controller/SysRoleController.java:253,待生成版本化 OpenAPI 基线
BEAPI-0582,system,SysSalaryConfigController,list,GET,/salaryConfig/list,/system/salaryConfig/list,system:salary:list,no,TableDataInfo,待逐接口核验,erp-modules/erp-system/src/main/java/com/erp/system/controller/SysSalaryConfigController.java:61,待生成版本化 OpenAPI 基线
BEAPI-0583,system,SysSalaryConfigController,export,POST,/salaryConfig/export,/system/salaryConfig/export,system:salary:export,no,void,待逐接口核验,erp-modules/erp-system/src/main/java/com/erp/system/controller/SysSalaryConfigController.java:72,待生成版本化 OpenAPI 基线
BEAPI-0584,system,SysSalaryConfigController,getInfo,GET,/salaryConfig/{schemeId},/system/salaryConfig/{schemeId},system:salary:query,no,AjaxResult,待逐接口核验,erp-modules/erp-system/src/main/java/com/erp/system/controller/SysSalaryConfigController.java:81,待生成版本化 OpenAPI 基线
BEAPI-0585,system,SysSalaryConfigController,options,GET,/salaryConfig/options,/system/salaryConfig/options,system:salary:query,no,AjaxResult,待逐接口核验,erp-modules/erp-system/src/main/java/com/erp/system/controller/SysSalaryConfigController.java:88,待生成版本化 OpenAPI 基线
BEAPI-0586,system,SysSalaryConfigController,users,GET,/salaryConfig/users,/system/salaryConfig/users,system:salary:role,no,AjaxResult,待逐接口核验,erp-modules/erp-system/src/main/java/com/erp/system/controller/SysSalaryConfigController.java:95,待生成版本化 OpenAPI 基线
BEAPI-0587,system,SysSalaryConfigController,shopTree,GET,/salaryConfig/shopTree,/system/salaryConfig/shopTree,system:salary:role,no,AjaxResult,待逐接口核验,erp-modules/erp-system/src/main/java/com/erp/system/controller/SysSalaryConfigController.java:108,待生成版本化 OpenAPI 基线
BEAPI-0588,system,SysSalaryConfigController,add,POST,/salaryConfig,/system/salaryConfig,system:salary:add,no,AjaxResult,待逐接口核验,erp-modules/erp-system/src/main/java/com/erp/system/controller/SysSalaryConfigController.java:117,待生成版本化 OpenAPI 基线
BEAPI-0589,system,SysSalaryConfigController,edit,PUT,/salaryConfig,/system/salaryConfig,system:salary:edit,no,AjaxResult,待逐接口核验,erp-modules/erp-system/src/main/java/com/erp/system/controller/SysSalaryConfigController.java:127,待生成版本化 OpenAPI 基线
BEAPI-0590,system,SysSalaryConfigController,remove,DELETE,/salaryConfig/{schemeIds},/system/salaryConfig/{schemeIds},system:salary:remove,no,AjaxResult,待逐接口核验,erp-modules/erp-system/src/main/java/com/erp/system/controller/SysSalaryConfigController.java:137,待生成版本化 OpenAPI 基线
BEAPI-0591,system,SysSalaryConfigController,items,GET,/salaryConfig/{schemeId}/items,/system/salaryConfig/{schemeId}/items,system:salary:query,no,AjaxResult,待逐接口核验,erp-modules/erp-system/src/main/java/com/erp/system/controller/SysSalaryConfigController.java:144,待生成版本化 OpenAPI 基线
BEAPI-0592,system,SysSalaryConfigController,addItem,POST,/salaryConfig/item,/system/salaryConfig/item,system:salary:add,no,AjaxResult,待逐接口核验,erp-modules/erp-system/src/main/java/com/erp/system/controller/SysSalaryConfigController.java:153,待生成版本化 OpenAPI 基线
BEAPI-0593,system,SysSalaryConfigController,editItem,PUT,/salaryConfig/item,/system/salaryConfig/item,system:salary:edit,no,AjaxResult,待逐接口核验,erp-modules/erp-system/src/main/java/com/erp/system/controller/SysSalaryConfigController.java:164,待生成版本化 OpenAPI 基线
BEAPI-0594,system,SysSalaryConfigController,removeItem,DELETE,/salaryConfig/item/{itemId},/system/salaryConfig/item/{itemId},system:salary:remove,no,AjaxResult,待逐接口核验,erp-modules/erp-system/src/main/java/com/erp/system/controller/SysSalaryConfigController.java:174,待生成版本化 OpenAPI 基线
BEAPI-0595,system,SysSalaryConfigController,roleBindings,GET,/salaryConfig/role/{roleId},/system/salaryConfig/role/{roleId},system:salary:role,no,AjaxResult,待逐接口核验,erp-modules/erp-system/src/main/java/com/erp/system/controller/SysSalaryConfigController.java:181,待生成版本化 OpenAPI 基线
BEAPI-0596,system,SysSalaryConfigController,roleBindingsBatch,GET,/salaryConfig/role/batch,/system/salaryConfig/role/batch,system:salary:role,no,AjaxResult,待逐接口核验,erp-modules/erp-system/src/main/java/com/erp/system/controller/SysSalaryConfigController.java:189,待生成版本化 OpenAPI 基线
BEAPI-0597,system,SysSalaryConfigController,saveRoleBindings,PUT,/salaryConfig/role/{roleId},/system/salaryConfig/role/{roleId},system:salary:role,no,AjaxResult,待逐接口核验,erp-modules/erp-system/src/main/java/com/erp/system/controller/SysSalaryConfigController.java:200,待生成版本化 OpenAPI 基线
BEAPI-0598,system,SysSalaryConfigController,userBindings,GET,/salaryConfig/user/{userId},/system/salaryConfig/user/{userId},system:salary:role,no,AjaxResult,待逐接口核验,erp-modules/erp-system/src/main/java/com/erp/system/controller/SysSalaryConfigController.java:208,待生成版本化 OpenAPI 基线
BEAPI-0599,system,SysSalaryConfigController,userBindingsBatch,GET,/salaryConfig/user/batch,/system/salaryConfig/user/batch,system:salary:role,no,AjaxResult,待逐接口核验,erp-modules/erp-system/src/main/java/com/erp/system/controller/SysSalaryConfigController.java:216,待生成版本化 OpenAPI 基线
BEAPI-0600,system,SysSalaryConfigController,saveUserBindings,PUT,/salaryConfig/user/{userId},/system/salaryConfig/user/{userId},system:salary:role,no,AjaxResult,待逐接口核验,erp-modules/erp-system/src/main/java/com/erp/system/controller/SysSalaryConfigController.java:230,待生成版本化 OpenAPI 基线
BEAPI-0601,system,SysTodoController,summary,GET,/todo/summary,/system/todo/summary,未声明/公共接口,no,AjaxResult,待逐接口核验,erp-modules/erp-system/src/main/java/com/erp/system/controller/SysTodoController.java:27,待生成版本化 OpenAPI 基线
BEAPI-0602,system,SysTodoController,list,GET,/todo/list,/system/todo/list,未声明/公共接口,no,TableDataInfo,待逐接口核验,erp-modules/erp-system/src/main/java/com/erp/system/controller/SysTodoController.java:35,待生成版本化 OpenAPI 基线
BEAPI-0603,system,SysUserController,list,GET,/user/list,/system/user/list,system:user:list,no,TableDataInfo,待逐接口核验,erp-modules/erp-system/src/main/java/com/erp/system/controller/SysUserController.java:137,待生成版本化 OpenAPI 基线
BEAPI-0604,system,SysUserController,setupSummary,GET,/user/setup-summary,/system/user/setup-summary,system:user:list,no,AjaxResult,待逐接口核验,erp-modules/erp-system/src/main/java/com/erp/system/controller/SysUserController.java:149,待生成版本化 OpenAPI 基线
BEAPI-0605,system,SysUserController,export,POST,/user/export,/system/user/export,system:user:export,no,void,待逐接口核验,erp-modules/erp-system/src/main/java/com/erp/system/controller/SysUserController.java:163,待生成版本化 OpenAPI 基线
BEAPI-0606,system,SysUserController,exportSensitive,POST,/user/export-sensitive,/system/user/export-sensitive,system:user:export | system:user:pii:export,no,void,待逐接口核验,erp-modules/erp-system/src/main/java/com/erp/system/controller/SysUserController.java:177,待生成版本化 OpenAPI 基线
BEAPI-0607,system,SysUserController,importData,POST,/user/importData,/system/user/importData,system:user:import,no,AjaxResult,待逐接口核验,erp-modules/erp-system/src/main/java/com/erp/system/controller/SysUserController.java:206,待生成版本化 OpenAPI 基线
BEAPI-0608,system,SysUserController,importTemplate,POST,/user/importTemplate,/system/user/importTemplate,system:user:import,no,void,待逐接口核验,erp-modules/erp-system/src/main/java/com/erp/system/controller/SysUserController.java:219,待生成版本化 OpenAPI 基线
BEAPI-0609,system,SysUserController,info,GET,/user/info/{username},/system/user/info/{username},未声明/公共接口,no,R<LoginUser>,待逐接口核验,erp-modules/erp-system/src/main/java/com/erp/system/controller/SysUserController.java:230,待生成版本化 OpenAPI 基线
BEAPI-0610,system,SysUserController,register,POST,/user/register,/system/user/register,未声明/公共接口,no,R<Boolean>,待逐接口核验,erp-modules/erp-system/src/main/java/com/erp/system/controller/SysUserController.java:253,待生成版本化 OpenAPI 基线
BEAPI-0611,system,SysUserController,recordlogin,PUT,/user/recordlogin,/system/user/recordlogin,未声明/公共接口,no,R<Boolean>,待逐接口核验,erp-modules/erp-system/src/main/java/com/erp/system/controller/SysUserController.java:272,待生成版本化 OpenAPI 基线
BEAPI-0612,system,SysUserController,signCandidates,POST,/user/sign-candidates,/system/user/sign-candidates,未声明/公共接口,no,R<List<SignCandidateUser>>,待逐接口核验,erp-modules/erp-system/src/main/java/com/erp/system/controller/SysUserController.java:279,待生成版本化 OpenAPI 基线
BEAPI-0613,system,SysUserController,getInfo,GET,/user/getInfo,/system/user/getInfo,未声明/公共接口,no,AjaxResult,待逐接口核验,erp-modules/erp-system/src/main/java/com/erp/system/controller/SysUserController.java:298,待生成版本化 OpenAPI 基线
BEAPI-0614,system,SysUserController,getInfo,GET,/user,/system/user,system:user:query,no,AjaxResult,待逐接口核验,erp-modules/erp-system/src/main/java/com/erp/system/controller/SysUserController.java:394,待生成版本化 OpenAPI 基线
BEAPI-0615,system,SysUserController,getInfo,GET,/user/{userId},/system/user/{userId},system:user:query,no,AjaxResult,待逐接口核验,erp-modules/erp-system/src/main/java/com/erp/system/controller/SysUserController.java:394,待生成版本化 OpenAPI 基线
BEAPI-0616,system,SysUserController,getPii,GET,/user/{userId}/pii,/system/user/{userId}/pii,system:user:pii:read | system:user:query,no,AjaxResult,待逐接口核验,erp-modules/erp-system/src/main/java/com/erp/system/controller/SysUserController.java:415,待生成版本化 OpenAPI 基线
BEAPI-0617,system,SysUserController,updatePii,PUT,/user/{userId}/pii,/system/user/{userId}/pii,system:user:edit | system:user:pii:edit,no,AjaxResult,待逐接口核验,erp-modules/erp-system/src/main/java/com/erp/system/controller/SysUserController.java:426,待生成版本化 OpenAPI 基线
BEAPI-0618,system,SysUserController,updatePiiAfterCreate,PUT,/user/{userId}/pii-after-create,/system/user/{userId}/pii-after-create,system:user:add | system:user:pii:edit,no,AjaxResult,待逐接口核验,erp-modules/erp-system/src/main/java/com/erp/system/controller/SysUserController.java:443,待生成版本化 OpenAPI 基线
BEAPI-0619,system,SysUserController,previewDerivedProfile,POST,/user/derived-preview,/system/user/derived-preview,system:user:add | system:user:edit,no,AjaxResult,待逐接口核验,erp-modules/erp-system/src/main/java/com/erp/system/controller/SysUserController.java:466,待生成版本化 OpenAPI 基线
BEAPI-0620,system,SysUserController,add,POST,/user,/system/user,system:user:add,no,AjaxResult,待逐接口核验,erp-modules/erp-system/src/main/java/com/erp/system/controller/SysUserController.java:504,待生成版本化 OpenAPI 基线
BEAPI-0621,system,SysUserController,edit,PUT,/user,/system/user,system:user:edit,no,AjaxResult,待逐接口核验,erp-modules/erp-system/src/main/java/com/erp/system/controller/SysUserController.java:529,待生成版本化 OpenAPI 基线
BEAPI-0622,system,SysUserController,remove,DELETE,/user/{userIds},/system/user/{userIds},system:user:remove,no,AjaxResult,待逐接口核验,erp-modules/erp-system/src/main/java/com/erp/system/controller/SysUserController.java:552,待生成版本化 OpenAPI 基线
BEAPI-0623,system,SysUserController,resetPwd,PUT,/user/resetPwd,/system/user/resetPwd,system:user:resetPwd,no,AjaxResult,待逐接口核验,erp-modules/erp-system/src/main/java/com/erp/system/controller/SysUserController.java:568,待生成版本化 OpenAPI 基线
BEAPI-0624,system,SysUserController,previewLegacyCredentialRotation,POST,/user/credential-rotation/preview,/system/user/credential-rotation/preview,system:user:resetPwd,no,AjaxResult,待逐接口核验,erp-modules/erp-system/src/main/java/com/erp/system/controller/SysUserController.java:588,待生成版本化 OpenAPI 基线
BEAPI-0625,system,SysUserController,executeLegacyCredentialRotation,POST,/user/credential-rotation/execute,/system/user/credential-rotation/execute,system:user:resetPwd,no,AjaxResult,待逐接口核验,erp-modules/erp-system/src/main/java/com/erp/system/controller/SysUserController.java:600,待生成版本化 OpenAPI 基线
BEAPI-0626,system,SysUserController,changeStatus,PUT,/user/changeStatus,/system/user/changeStatus,system:user:edit,no,AjaxResult,待逐接口核验,erp-modules/erp-system/src/main/java/com/erp/system/controller/SysUserController.java:631,待生成版本化 OpenAPI 基线
BEAPI-0627,system,SysUserController,authRole,GET,/user/authRole/{userId},/system/user/authRole/{userId},system:user:query,no,AjaxResult,待逐接口核验,erp-modules/erp-system/src/main/java/com/erp/system/controller/SysUserController.java:645,待生成版本化 OpenAPI 基线
BEAPI-0628,system,SysUserController,insertAuthRole,PUT,/user/authRole,/system/user/authRole,system:user:edit,no,AjaxResult,待逐接口核验,erp-modules/erp-system/src/main/java/com/erp/system/controller/SysUserController.java:685,待生成版本化 OpenAPI 基线
BEAPI-0629,system,SysUserController,deptTree,GET,/user/deptTree,/system/user/deptTree,system:user:list,no,AjaxResult,待逐接口核验,erp-modules/erp-system/src/main/java/com/erp/system/controller/SysUserController.java:698,待生成版本化 OpenAPI 基线
BEAPI-0630,system,SysUserNotificationController,publish,POST,/user-notification/inner/publish,/system/user-notification/inner/publish,未声明/公共接口,no,R<UserNotificationResult>,待逐接口核验,erp-modules/erp-system/src/main/java/com/erp/system/controller/SysUserNotificationController.java:34,待生成版本化 OpenAPI 基线
BEAPI-0631,system,SysUserNotificationController,list,GET,/user-notification/list,/system/user-notification/list,未声明/公共接口,no,AjaxResult,待逐接口核验,erp-modules/erp-system/src/main/java/com/erp/system/controller/SysUserNotificationController.java:41,待生成版本化 OpenAPI 基线
BEAPI-0632,system,SysUserNotificationController,unreadCount,GET,/user-notification/unread-count,/system/user-notification/unread-count,未声明/公共接口,no,AjaxResult,待逐接口核验,erp-modules/erp-system/src/main/java/com/erp/system/controller/SysUserNotificationController.java:48,待生成版本化 OpenAPI 基线
BEAPI-0633,system,SysUserNotificationController,read,POST,/user-notification/{id}/read,/system/user-notification/{id}/read,未声明/公共接口,no,AjaxResult,待逐接口核验,erp-modules/erp-system/src/main/java/com/erp/system/controller/SysUserNotificationController.java:55,待生成版本化 OpenAPI 基线
BEAPI-0634,system,SysUserNotificationController,registerDeviceToken,POST,/user-notification/device-token,/system/user-notification/device-token,未声明/公共接口,no,AjaxResult,待逐接口核验,erp-modules/erp-system/src/main/java/com/erp/system/controller/SysUserNotificationController.java:63,待生成版本化 OpenAPI 基线
BEAPI-0635,system,SysUserNotificationController,disableDeviceToken,DELETE,/user-notification/device-token,/system/user-notification/device-token,未声明/公共接口,no,AjaxResult,待逐接口核验,erp-modules/erp-system/src/main/java/com/erp/system/controller/SysUserNotificationController.java:70,待生成版本化 OpenAPI 基线
BEAPI-0636,system,SysUserOnlineController,list,GET,/online/list,/system/online/list,monitor:online:list,no,TableDataInfo,待逐接口核验,erp-modules/erp-system/src/main/java/com/erp/system/controller/SysUserOnlineController.java:43,待生成版本化 OpenAPI 基线
BEAPI-0637,system,SysUserOnlineController,forceLogout,DELETE,/online/{tokenId},/system/online/{tokenId},monitor:online:forceLogout,no,AjaxResult,待逐接口核验,erp-modules/erp-system/src/main/java/com/erp/system/controller/SysUserOnlineController.java:78,待生成版本化 OpenAPI 基线
BEAPI-0638,system,SysUserShopController,tree,GET,/user/shop/tree,/system/user/shop/tree,未声明/公共接口,no,AjaxResult,待逐接口核验,erp-modules/erp-system/src/main/java/com/erp/system/controller/SysUserShopController.java:49,待生成版本化 OpenAPI 基线
BEAPI-0639,system,SysUserShopController,getInfo,GET,/user/shop/{userId},/system/user/shop/{userId},未声明/公共接口,no,AjaxResult,待逐接口核验,erp-modules/erp-system/src/main/java/com/erp/system/controller/SysUserShopController.java:59,待生成版本化 OpenAPI 基线
BEAPI-0640,system,SysUserShopController,batch,GET,/user/shop/batch,/system/user/shop/batch,未声明/公共接口,no,AjaxResult,待逐接口核验,erp-modules/erp-system/src/main/java/com/erp/system/controller/SysUserShopController.java:77,待生成版本化 OpenAPI 基线
BEAPI-0641,system,SysUserShopController,preview,POST,/user/shop/{userId}/preview,/system/user/shop/{userId}/preview,未声明/公共接口,no,AjaxResult,待逐接口核验,erp-modules/erp-system/src/main/java/com/erp/system/controller/SysUserShopController.java:92,待生成版本化 OpenAPI 基线
BEAPI-0642,system,SysUserShopController,save,PUT,/user/shop/{userId},/system/user/shop/{userId},未声明/公共接口,no,AjaxResult,待逐接口核验,erp-modules/erp-system/src/main/java/com/erp/system/controller/SysUserShopController.java:108,待生成版本化 OpenAPI 基线
BEAPI-0643,system,SystemApprovalCallbackController,callback,POST,/inner/approval/callback,/system/inner/approval/callback,未声明/公共接口,no,R<ApprovalBusinessCallbackResponse>,待逐接口核验,erp-modules/erp-system/src/main/java/com/erp/system/controller/SystemApprovalCallbackController.java:28,待生成版本化 OpenAPI 基线
BEAPI-0644,system,SystemLegacyApprovalController,templates,GET,/inner/approval/legacy/templates,/system/inner/approval/legacy/templates,未声明/公共接口,no,R<List<LegacyApprovalTemplateSummary>>,待逐接口核验,erp-modules/erp-system/src/main/java/com/erp/system/controller/SystemLegacyApprovalController.java:30,待生成版本化 OpenAPI 基线
BEAPI-0645,system,SystemLegacyApprovalController,instances,GET,/inner/approval/legacy/instances,/system/inner/approval/legacy/instances,未声明/公共接口,no,R<LegacyApprovalPage>,待逐接口核验,erp-modules/erp-system/src/main/java/com/erp/system/controller/SystemLegacyApprovalController.java:37,待生成版本化 OpenAPI 基线
BEAPI-0646,system,SystemLegacyApprovalController,detail,GET,/inner/approval/legacy/instances/{businessCode}/{legacyInstanceId},/system/inner/approval/legacy/instances/{businessCode}/{legacyInstanceId},未声明/公共接口,no,R<LegacyApprovalDetail>,待逐接口核验,erp-modules/erp-system/src/main/java/com/erp/system/controller/SystemLegacyApprovalController.java:55,待生成版本化 OpenAPI 基线
BEAPI-0647,gateway,RouterFunctionConfiguration,routerFunction,GET,/code,/code,公共入口/由网关过滤器控制,not-applicable,ServerResponse,不适用,erp-gateway/src/main/java/com/erp/gateway/config/RouterFunctionConfiguration.java:30,网关函数式路由，需纳入统一契约说明
