source,size_bytes,sha256
docs/erp-new-2-migration/target-mapping-overrides.csv,58218,a16417781eb1bbdca7bea0e11de85c75a7410f8d94d3dd9ce16c7f9f9c2e498f
erp-auth/src/main/java/com/erp/auth/controller/TokenController.java,7740,18cfdef22b21bca4f84a80c3270f0dd7210062ff43ecbfc04ba6d100c1a1b7bf
erp-gateway/src/main/java/com/erp/gateway/ErpGatewayApplication.java,1136,ab8be14857c471bb3e931174165f62a41b91a92c078572dab4d84709c831edaf
erp-gateway/src/main/java/com/erp/gateway/config/CaptchaConfig.java,4262,1fc17eb893ad5ec722aa2d8c0cfdd754c72eaf4972664fa0038dcd32fd799922
erp-gateway/src/main/java/com/erp/gateway/config/GatewayConfig.java,564,8dcaf82960c00f290c77c7a3913166b475c2653c8cb63de1e1935603517e93c3
erp-gateway/src/main/java/com/erp/gateway/config/KaptchaTextCreator.java,2064,7c6b7287e83bb8baf318bae1afdb6837382523dcf1cdffde9cb17f276d2b79d8
erp-gateway/src/main/java/com/erp/gateway/config/RouterFunctionConfiguration.java,960,f8d9ebe940d167ed706d2eb10d3315154147cd2c7438c9061429338e56b076ea
erp-gateway/src/main/java/com/erp/gateway/config/SpringDocConfig.java,3243,da3f790e1f54179611071bb5d09295a3a897ce61aa84592e9c3cee12cd8f387e
erp-gateway/src/main/java/com/erp/gateway/config/properties/BrowserSessionProperties.java,1184,5464057d1a85f7bb250b72952f1614be0ccdc3a9651cfbe0eae9635106187597
erp-gateway/src/main/java/com/erp/gateway/config/properties/CaptchaProperties.java,890,e458b8dd54e497b67de4964b80b19b58ff6b8856fee6e49af1fc1e043f6b6868
erp-gateway/src/main/java/com/erp/gateway/config/properties/IgnoreWhiteProperties.java,1290,0cb6b1de0de838f43fe29471f49e506aef2939009ebe2c8945bdd45251b3455c
erp-gateway/src/main/java/com/erp/gateway/config/properties/XssProperties.java,975,87597af56d5c00096ca233fa5f9e28c92d0d5e758b03881f0aca220e24b4dc12
erp-gateway/src/main/java/com/erp/gateway/filter/AuthFilter.java,8277,9de38e7e9790bc29b6baa67492d7e6146f7c53f51420fd627d3156a4bd6e3ac1
erp-gateway/src/main/java/com/erp/gateway/filter/BlackListUrlFilter.java,1829,8cba0a31e2ccc55fb92c03aded403248461dbb87fad5506dcfb3a762aae87940
erp-gateway/src/main/java/com/erp/gateway/filter/ValidateCodeFilter.java,2881,30646cf4ce9be885e3004c5b249c46ea1bcaeffbba44d8fa6ea11fc7f3010374
erp-gateway/src/main/java/com/erp/gateway/filter/XssFilter.java,5080,03d03366ca1929ca1dd134599afc4f55b271792d82e0eec19e4a30295daf013e
erp-gateway/src/main/java/com/erp/gateway/handler/GatewayExceptionHandler.java,1884,5710b1be729d10387871e0240f56d73a7323ae6bcbea165f7052b31c81be38b5
erp-gateway/src/main/java/com/erp/gateway/handler/SentinelFallbackHandler.java,1421,d0dbbe099951074e53ce76cf8b26e88fd48a35ab37d6e4522176986919cfc5d4
erp-gateway/src/main/java/com/erp/gateway/handler/ValidateCodeHandler.java,1840,353403a0ebf248e52eab47c4f93a55f05eee096b5299c969cdad3a5dd0060f75
erp-gateway/src/main/java/com/erp/gateway/service/ValidateCodeService.java,489,5a3fbabcde50c3142a9505b3fcd5ec7613021a12d9858c132756e768e527cd7f
erp-gateway/src/main/java/com/erp/gateway/service/impl/ValidateCodeServiceImpl.java,3979,e217c9e7e07a10000da4691cd983cb42247ea825d0480f6d592315eb7d95499d
erp-gateway/src/main/resources/bootstrap.yml,4354,8391aa5dcc926b96408147b355bc31c525a3d2b564dfc6034f4d6ed37242e4c4
erp-modules/erp-approval/src/main/java/com/erp/approval/controller/ApprovalCallbackController.java,1329,7f03bd7178ff1a0ba70445943370337b6b7b540281e2434c5968eb5688c28ccb
erp-modules/erp-approval/src/main/java/com/erp/approval/controller/ApprovalDefinitionController.java,6242,25640f99ab42d76f791bc6488b54201b57d08bffb4b4fe38391c162be1edb045
erp-modules/erp-approval/src/main/java/com/erp/approval/controller/ApprovalInternalController.java,2203,b53781e81cd7c5e0df0a40a81cf7b82157732ad58923dd22690cac304a9d79e7
erp-modules/erp-approval/src/main/java/com/erp/approval/controller/ApprovalLegacyController.java,1722,78f6006781bf68b89a61f0e74fde40c3ba6a00f5723f1b138a5beaee67d3b5de
erp-modules/erp-approval/src/main/java/com/erp/approval/controller/ApprovalRuntimeController.java,2246,3e37b5d0a3380cfda5e792babcb18f2bc2bf3c4f66fbca9f6e7fb808c145bbde
erp-modules/erp-approval/src/main/java/com/erp/approval/controller/ApprovalTaskController.java,2382,8b6c229ff55d9feb57a4c507a30f4e18fe90cc9611885d847dd41939b411a450
erp-modules/erp-approval/src/main/java/com/erp/approval/controller/ApprovalTodoController.java,1752,df4cd68123f27727a32689bb414107daadfd06e227e5320ed2c38e30a4cf3680
erp-modules/erp-approval/src/main/java/com/erp/approval/controller/ApprovalValidationController.java,2280,b6b59738d90632b83e67ffa84fd5aff9ffcb255357208ac6c678dc8d78a8d2a3
erp-modules/erp-file/src/main/java/com/erp/file/controller/SysFileController.java,2515,5238bbd0f6b0a06522dce74e59d44e0c37e1fa7a835bad51636df279cfc16584
erp-modules/erp-file/src/main/java/com/erp/file/drive/controller/DriveAdminController.java,19369,1e5bafce657903dfa1246d939e43e51ba4d52dea8b034346d8daa236323b4e2e
erp-modules/erp-file/src/main/java/com/erp/file/drive/controller/DriveBusinessContentController.java,5845,70f548ae986aa916f7502f358aeadc123dc5a813450c779301f18b251d73798e
erp-modules/erp-file/src/main/java/com/erp/file/drive/controller/DriveContentController.java,4356,ca3e2ad93c834c88ea56f22227dd60b2f9173356af43147ae08750c41864327d
erp-modules/erp-file/src/main/java/com/erp/file/drive/controller/DriveNodeController.java,8912,31cef189b7cb641f88f04470025037861325b8cf9d0ea87af5eb81cbbce49e5e
erp-modules/erp-file/src/main/java/com/erp/file/drive/controller/DriveSpaceController.java,2194,df7187133eb7291e53b8ec253dc729d52806bbf44f5c200cfd37666203312259
erp-modules/erp-gen/src/main/java/com/erp/gen/controller/GenController.java,7336,a997441308dde9066abf4fefed71dddb5fd2aac26d92c106acf66f0a9c85749e
erp-modules/erp-inventory/src/main/java/com/erp/inventory/controller/InvBaseController.java,399,2c2bdd882d121020bac1a175a1d0b4efca47616c9c510486581edadae4422c80
erp-modules/erp-inventory/src/main/java/com/erp/inventory/controller/InvCustomerController.java,13003,866b7b3db6dccc9bc375351125e4a729c67e15b9ab3d74b0d15fbe45befb05d9
erp-modules/erp-inventory/src/main/java/com/erp/inventory/controller/InvDeliveryNoticeController.java,4097,8fac2abee2cfe72b3b557e1c186fd88003f47bbf799565c7b29e3a46ca0785ed
erp-modules/erp-inventory/src/main/java/com/erp/inventory/controller/InvDocumentStatusLogController.java,1182,8e79debe556e4380928689862ded9ad3a9342e4247ff1fa9c43386d4084fee18
erp-modules/erp-inventory/src/main/java/com/erp/inventory/controller/InvGiftCategoryController.java,3023,9ad4795cad9e3e836f9c3c1f0997ca10980fc1b3447c44eb8373d9d5e74b61e8
erp-modules/erp-inventory/src/main/java/com/erp/inventory/controller/InvGiftController.java,4337,4accd3cf9e2e80f09fe4bbc3bf0416adb610d69b6f24636359b55912c5e002d7
erp-modules/erp-inventory/src/main/java/com/erp/inventory/controller/InvMobileController.java,1855,dae9c84354edc81b939640001c478469bad10d6543f9928048160ab6fe22b544
erp-modules/erp-inventory/src/main/java/com/erp/inventory/controller/InvOeCategoryController.java,2930,52160a89aec2e2e8ebc51c6a358417dece2dc2b34d9d68f11cb3db860037c16d
erp-modules/erp-inventory/src/main/java/com/erp/inventory/controller/InvOeController.java,4255,66d37bf2df59fb0e9549e4984534b10bd31b38b907345e6272a9a9a4ed9598b5
erp-modules/erp-inventory/src/main/java/com/erp/inventory/controller/InvOeReplenishmentController.java,3897,65452d81aace6bce7faaead76ef21f1f8c0138576423681a6d0affb7e4d18a56
erp-modules/erp-inventory/src/main/java/com/erp/inventory/controller/InvOeReplenishmentInternalController.java,982,9ef4c9fd9775dc477982ff17760355c747c2b63f4fa4ddc65950f1fa5ab0f57c
erp-modules/erp-inventory/src/main/java/com/erp/inventory/controller/InvProductCategoryController.java,3680,1e0a95a3b5ffc0492297122283ab18c51e50db641023ee670173f2b40fd0fba2
erp-modules/erp-inventory/src/main/java/com/erp/inventory/controller/InvProductController.java,7973,9b68f35ca5dd950b125e2cd8729e018a1fe7861db20e6d019d0a76fc471ff7fd
erp-modules/erp-inventory/src/main/java/com/erp/inventory/controller/InvPurchaseController.java,10319,e12e0e2a36fb9886c567d47b779eb6cc92e923520ef0c54a0167bf918a2225f7
erp-modules/erp-inventory/src/main/java/com/erp/inventory/controller/InvPurchaseReturnController.java,6963,a7bbb1b12382da54e7f3ca3b7f39940b4322e6bcf5cb6e4ee04495bb62dcc2fc
erp-modules/erp-inventory/src/main/java/com/erp/inventory/controller/InvReportController.java,4460,c745e1eec17a411030990adef4d376b52b56f00eb77240528c5235c31621d7e9
erp-modules/erp-inventory/src/main/java/com/erp/inventory/controller/InvSalesController.java,4229,33a0a791fc8b83be504cc63dc0636f3158fafdb27371fae4f1a7ec01d99610e0
erp-modules/erp-inventory/src/main/java/com/erp/inventory/controller/InvSalesReturnController.java,4640,3557fdac945e41f2526ff8806b268dc3ac50e059dbb834ae1459a13c4e4f699c
erp-modules/erp-inventory/src/main/java/com/erp/inventory/controller/InvStockCheckApprovalStartOutboxController.java,3035,a634594fbee1f4d5e379704ff5fb271faf0b9fd37e16d2806483310613246f04
erp-modules/erp-inventory/src/main/java/com/erp/inventory/controller/InvStockCheckController.java,13239,7f30dde818e19c318a75f08f5205338b671b77564b8ad8ae4254a3f5d138d653
erp-modules/erp-inventory/src/main/java/com/erp/inventory/controller/InvStockController.java,7120,cac4e7c81550acc8b5fdd049a6f6936a9b454d66708218b77cf82ca7e27dee69
erp-modules/erp-inventory/src/main/java/com/erp/inventory/controller/InvSupplierController.java,5691,5cba21e02fbd6769a3b86bc6633929b1979bd881357a61326fb8d812fddf1e61
erp-modules/erp-inventory/src/main/java/com/erp/inventory/controller/InvTodoController.java,1682,697f4fb657526bf1a635674d62d390c3046b1abcbfaff49de75cdce2b3e8f11f
erp-modules/erp-inventory/src/main/java/com/erp/inventory/controller/InvTransferApprovalRuleController.java,4088,5e1a42c7eab2690fb114e7ca8bdf001b40f4b768fa920157e5bd37cbd7b10cb0
erp-modules/erp-inventory/src/main/java/com/erp/inventory/controller/InvTransferApprovalStartOutboxController.java,2997,c244d777af94f9f351a23edf288660fccbe31e5e8fc583d8cf91ef0cbccc6d06
erp-modules/erp-inventory/src/main/java/com/erp/inventory/controller/InvTransferController.java,23287,1bd00db3670fd05db82fc78b0db251a17c025b074794adc89f653e4c5aafc0e6
erp-modules/erp-inventory/src/main/java/com/erp/inventory/controller/InventoryApprovalCallbackController.java,1245,a16288b5b28509809111e6f973e8e505f4e83d0cc15a09d1d5244dcb783b37ff
erp-modules/erp-inventory/src/main/java/com/erp/inventory/controller/InventoryLegacyApprovalController.java,2254,6b06746274d0641510c6a3c3c50b33e377504e9cf06725883a9b1e2d0ce5f12a
erp-modules/erp-job/src/main/java/com/erp/job/controller/SysJobController.java,7359,6ab13d5a28e86df351a3d3133c77c9cbaabb523d6f9bd0d9adba87a8bc8bce2f
erp-modules/erp-job/src/main/java/com/erp/job/controller/SysJobLogController.java,2974,3f21e273b0c3a189ad280c6bc858dcd75fd923da7314d111342e83ab14c7935f
erp-modules/erp-oa/src/main/java/com/erp/oa/controller/OaApprovalCallbackController.java,1156,9b66681148c3ade730ffb938b4097156c45d1e108ae732f78464c176fd76e035
erp-modules/erp-oa/src/main/java/com/erp/oa/controller/OaAttendanceController.java,3685,f5d5d2b39be54a0711b8756baaf9e7206691d4f9b4defe8a7ff9cf82660dfdb5
erp-modules/erp-oa/src/main/java/com/erp/oa/controller/OaBaseController.java,391,35b7f9450d6064514e3d81132bd42952e708be25211ea0e76f8ea57cf81d8019
erp-modules/erp-oa/src/main/java/com/erp/oa/controller/OaFixedAssetConfigController.java,4069,1aeb7c2748b83d4b0972eaa6806ea01b04155d80a1d85f7b9881b3b207dd955b
erp-modules/erp-oa/src/main/java/com/erp/oa/controller/OaFixedAssetOutboxController.java,3538,9b28effba78a72a89bbbd189083d31401a42be3201df16874e2be242e82b9a8d
erp-modules/erp-oa/src/main/java/com/erp/oa/controller/OaFixedAssetRepairController.java,4164,30ffa2193f9ac04cdc3a9099aed5a39958afa35e2adccf01b1112540003e9cba
erp-modules/erp-oa/src/main/java/com/erp/oa/controller/OaLaborContractController.java,7613,05f2950a1c320f361b4736a9786ecf311a948cf36d518e9e05295e8a112f9980
erp-modules/erp-oa/src/main/java/com/erp/oa/controller/OaPurchaseApprovalStartOutboxController.java,2957,147cf06ffa44852136ed31812c9e6498585ec09a98487ef62063f66970f11b6c
erp-modules/erp-oa/src/main/java/com/erp/oa/controller/OaPurchaseController.java,4714,22578e0679a45877d774c2b98067c918fc1b10d1b26ad76b09206973c711f496
erp-modules/erp-oa/src/main/java/com/erp/oa/controller/OaSalaryController.java,4501,879d64cfcf2b157bbc060074515f6fd826a4db96f29d95ea6733de20c5309ab1
erp-modules/erp-oa/src/main/java/com/erp/oa/controller/OaSignPackageController.java,20455,e64a15c31952bc8181df424b21046a0310a42d9224c0c28ca99abf15238453e3
erp-modules/erp-oa/src/main/java/com/erp/oa/controller/OaSignTaskController.java,5429,10e9c533b78a5618de09797b3cc6596a3920ed7906b56986b2b8f4be87496b04
erp-modules/erp-oa/src/main/java/com/erp/oa/controller/OaSignTaskInternalController.java,1006,e5e78b491aba9208f42abf9d1c97245fc7ffb72e1e3fdd631a2719ec17f2f43d
erp-modules/erp-oa/src/main/java/com/erp/oa/controller/OaTodoController.java,1664,a60dcb3d01711f39b8869f0f1491154e7907afe898c5cfbf918dae26308bfcad
erp-modules/erp-system/src/main/java/com/erp/system/controller/HrCompletenessController.java,1896,7c094685d949d5d09d75cb2640c4371e7ec932ab4e27317eb6ede732c421f088
erp-modules/erp-system/src/main/java/com/erp/system/controller/HrEmployeeProfileController.java,12239,a83ccf6c3318e9dec12ad2a59520f4344b73d660c127635c0e77b0a6d1594944
erp-modules/erp-system/src/main/java/com/erp/system/controller/HrHealthCertificateApprovalStartOutboxController.java,3238,a61a2c5fac618ac41cd1d6a0c143db8da8207905eacdf7b1eb54a78870848eeb
erp-modules/erp-system/src/main/java/com/erp/system/controller/HrHealthCertificateController.java,9047,e514bf279226bd962b1816e44c55cfda880b0f0040dc83bded3c77575d5265ee
erp-modules/erp-system/src/main/java/com/erp/system/controller/HrMasterDataReadinessController.java,2187,64a1cec571264943257542815f54814d57c82303acda8e2df0e2d79814eb8140
erp-modules/erp-system/src/main/java/com/erp/system/controller/HrOnboardingController.java,6131,aadc80d756d0c2c38fccdfb6430b6e46ba6f73fb927966e96696982126fc01e7
erp-modules/erp-system/src/main/java/com/erp/system/controller/HrOnboardingImportController.java,3058,ca7691d8f0523c9bb0daaf728a1e5e49cbb14d0e6511a732fc7ad1611bdcea4c
erp-modules/erp-system/src/main/java/com/erp/system/controller/HrOnboardingPositionConfigController.java,3062,176df0fdb1b21409fd9a38be017b5024ed661e4062e0a5d504f72c280f6dbe67
erp-modules/erp-system/src/main/java/com/erp/system/controller/HrTeamController.java,2067,c787aad741b71d84304d066fe03760e3d9b521ff818553d7ed0e9f910af6fc5f
erp-modules/erp-system/src/main/java/com/erp/system/controller/SysConfigController.java,6168,d365176275b707e204a9b667770643ae7ecbc55a4d7f340db9a46ae33535555a
erp-modules/erp-system/src/main/java/com/erp/system/controller/SysDeptController.java,8591,61a5700bba7027b55a1deac22836f0258903c99fdf48eece2560e1ca58cdeea9
erp-modules/erp-system/src/main/java/com/erp/system/controller/SysDictDataController.java,4216,9e2fc27dbefe46249511b56d8a851d33ec80cd9cb1e6218e7f6d2142fdd72741
erp-modules/erp-system/src/main/java/com/erp/system/controller/SysDictTypeController.java,4505,763d79da7ba8acd24a607df88b49464ff4e15510148fd5e6fdde7f04bae77d2e
erp-modules/erp-system/src/main/java/com/erp/system/controller/SysLegalEntityController.java,2848,72ca1ce41a24f96bd65d173ff70d94a04131668e5c72ec73fa6ed417b8decefb
erp-modules/erp-system/src/main/java/com/erp/system/controller/SysLogininforController.java,3357,a7fd3a078cb90ea00977ce7933e6f760bca6cdd12f38ad39743e994a1c240545
erp-modules/erp-system/src/main/java/com/erp/system/controller/SysMenuController.java,6844,fa523cb4ff3ff57c11a8f074a4656cd34a9f701d11e13795468c40a54274d576
erp-modules/erp-system/src/main/java/com/erp/system/controller/SysMobileController.java,5539,e9419d5074e6f470efd4b3c9ef9faa5af5125169ca0d2cc74065ade7ff84afb1
erp-modules/erp-system/src/main/java/com/erp/system/controller/SysNoticeController.java,10020,6daef3eb9ba5241c09c830fff614d9f43985c080bebea8629212688ef9ff594e
erp-modules/erp-system/src/main/java/com/erp/system/controller/SysOperlogController.java,3305,669d2227605547edac55a3cc120f4a5908d22200b33d0f4a494d2c8aec7361b1
erp-modules/erp-system/src/main/java/com/erp/system/controller/SysPostController.java,4422,24ecf791c804c4186976dd3144b95317f34a3aef06263da6de47fd669e6a5dcf
erp-modules/erp-system/src/main/java/com/erp/system/controller/SysProfileController.java,11164,8689e3d21b44562f543df2997a51bfe87f4669b74f4ae68447b5433e36e11dbd
erp-modules/erp-system/src/main/java/com/erp/system/controller/SysRoleController.java,8733,6931ec51506cbf952e8cfc0c98aec7884806480cebbbb9d79fca309d4910f1d1
erp-modules/erp-system/src/main/java/com/erp/system/controller/SysSalaryConfigController.java,9497,42729592a6783cc3c54b11dac7f6128380e0e42db1be56803444621fdfa3e945
erp-modules/erp-system/src/main/java/com/erp/system/controller/SysTodoController.java,1815,790eb18400afff8f613d51a603911c4cb51746a3deddcc88a37494d863db2109
erp-modules/erp-system/src/main/java/com/erp/system/controller/SysUserController.java,28008,f856b4d7557942f011444f5b4fd631c8bd52bcd1272af4a6b8bca5381d6ab5b2
erp-modules/erp-system/src/main/java/com/erp/system/controller/SysUserNotificationController.java,2631,388f5c611d8664d76ed74b4285797b3d47546ba72bad07991a218b3714640fd0
erp-modules/erp-system/src/main/java/com/erp/system/controller/SysUserOnlineController.java,3037,039c727f71b5ecfd355f5b657c4a6358bace0362b7e59141d930253fa36da332
erp-modules/erp-system/src/main/java/com/erp/system/controller/SysUserShopController.java,5107,3064616e67277177aef4286d5137bbf2620c3e2d1899e7b224003aa8aab6bc90
erp-modules/erp-system/src/main/java/com/erp/system/controller/SystemApprovalCallbackController.java,1261,56b2c494cbc3acd015b972b008a7a11795bb7edc8980334bea4386212d70ca81
erp-modules/erp-system/src/main/java/com/erp/system/controller/SystemLegacyApprovalController.java,2220,5c2293b9c8637b5f691ed91c5596a65c228fdf436520fb9c86da8f1d281fafbe
erp-ui/src/api/approval/definition.js,1697,99fda3d00de7b6cd3988c281f7c82798a7399c58cf8feb594544f434332d8213
erp-ui/src/api/approval/monitor.js,1321,82ddb7472ddbfefbdf90a7d8142558896c300cc1d9c815a786a422e87a76dff5
erp-ui/src/api/approval/task.js,578,6826d0f83e2d1c3cd024cd5f21ca50ce0a0ca1a30de988e1800f62fb5ae9785b
erp-ui/src/api/approval/validation.js,462,a1722760f891caf5403bcbe27bb72748d63e3a29508fda0fc51c4a98ba6e9403
erp-ui/src/api/drive/admin.js,2616,c914e3fc33b0522d553fda617d05a995cce8514934a22c1c14da9c379fdad7eb
erp-ui/src/api/drive/index.js,2870,03b806b455a9125c24bc333265515632db4b5f7a70048294549cf8ce132a23e0
erp-ui/src/api/hr/completeness.js,859,cd3b7fa83a0df7db53d6f6b505556351c409db2c4faef43a8572e0264474d43e
erp-ui/src/api/hr/employee.js,2084,cdcaf8df19c15c70d02068e98cdf08694548e96a55161731b8958c5f2f5ab20c
erp-ui/src/api/hr/healthCertificate.js,1627,ae5e034fb4207c9aa9c9b404d3984b9a79258cc25f3efae65261742725d7ad0e
erp-ui/src/api/hr/legacyEmployeeImport.js,175,993813fb4e67ec930f166bac0caaf18822b1d4837b4193aa82f973bbcd62afd1
erp-ui/src/api/hr/onboarding.js,3481,e04d11229bd5dbbad62166af74440a8c01c4bff4c0ffc950c26fd4f49dad0f00
erp-ui/src/api/hr/team.js,246,3139551706d5cd9a1b32eaa4ce249268316b138f872f1c6dfa582c0e1b4b96b5
erp-ui/src/api/inventory/category.js,752,d92d7dc6d0420ab2537077356f84ee33d898cc424cb09e68da983fa0f060079a
erp-ui/src/api/inventory/customer.js,2521,9452364cc6c0c910d6932f5eac27daaef5bd3eec84293654c1dae5e574ed3d61
erp-ui/src/api/inventory/deliveryNotice.js,871,ac1b32ae94eedc53430e59fc646cb4afa3daac8800ee17ac8682e482de31f085
erp-ui/src/api/inventory/gift.js,1589,41a5da4a4d3dab866d85b954b12d4ea2eeda65c2f89f204fa5cb0fadaa4488c9
erp-ui/src/api/inventory/mobile.js,558,132c2032277994ff70c77e5a799c6945237d88a30ae44011616235cde267dc9b
erp-ui/src/api/inventory/oe.js,1549,90844046a44b0c71648dae1c6e473ee2feee2bb3d3e30f10709ed6e87e80892e
erp-ui/src/api/inventory/oeReplenishment.js,931,d2a8f5acc28d12570bfbe12f600bbffc64a05bea184b1d3c2c70048006d4132b
erp-ui/src/api/inventory/product.js,1119,9effbccc3686bd0bf21a9649b08543adcc1f3a03cc2ba4ccd3e77103c2ca14db
erp-ui/src/api/inventory/purchase.js,1794,37a1051d35f30f8cc54cfa556bd360dfbd195a5a1bcd293d134021d9daf3b4a2
erp-ui/src/api/inventory/purchaseReturn.js,1135,65b49608bc8ca479c6e4eca6a378f631d9e5fe2152ef96c959c25ed65a29d4be
erp-ui/src/api/inventory/report.js,351,d3e9d45c13a32cef78ace13b04a81c953f4c89ab2477aa51355ac35c31cb46b9
erp-ui/src/api/inventory/sales.js,900,0f21f6575eb3dab145c9110e5060798d0db9e36f54557732adaa85515aabdf71
erp-ui/src/api/inventory/salesReturn.js,1093,6079fb9e3fb3627b62ff51d0cf64eb0708dad508489fcdb4e1be67ef81abbcf9
erp-ui/src/api/inventory/stock.js,759,58b47cbd48cf7a0d333ae0f5a7812eeed73cd16fca88e89b56b004b2ed232439
erp-ui/src/api/inventory/stockCheck.js,2628,6c0d23d6df8662f001a3479cfe20b0eee1b0a4661a25ba16fe40de0418951550
erp-ui/src/api/inventory/supplier.js,1001,264468dee278cdf0d3bf4e8787ad68ccf6af22eda8ee9be042a752108890c8f1
erp-ui/src/api/inventory/transfer.js,3554,be17d0dd9d179768782d985ffa6e306ac86a4403adfecba0a14c8665469586b8
erp-ui/src/api/inventory/transferApprovalRule.js,1300,39838317e9b214e385f7642f624c3294ed7bfe149ae2e7ab8d09874ad8d6dc56
erp-ui/src/api/login.js,1537,051c458980486ee5cef9e11d7c87d793f2971bad06b870fd89446d4ef0b46832
erp-ui/src/api/menu.js,176,6d54a2f2c361163ebe10afbcd4a5b707a459b4c25eb2231610d9f3a00856ec40
erp-ui/src/api/monitor/job.js,1281,4973ec1c5a50fc2163a36decb043e8a5b4b3dcf6834f69c7fbcbd967d9a1e887
erp-ui/src/api/monitor/jobLog.js,642,4861fd2d17f67171c954d6960d54ced99bb9799c47b9a8262ebf838160fb40b3
erp-ui/src/api/monitor/online.js,351,8312823f3d6430200e5a4502c5c28334b4986fe521e5cc836c027f9785f13f30
erp-ui/src/api/oa/attendance.js,790,f1194ad03a1e3ff80a7c1e9cf20b0ffc09d9e7d0e83d8596d8782bcda0cd030a
erp-ui/src/api/oa/fixedAsset.js,2381,60b9a20f286ea6ecec131467a72930fa3f2cef85966ce4d9c0b35b73cb9cab75
erp-ui/src/api/oa/laborContract.js,2395,afcda951880437c2ab473019f4372cb81584524892e2c92acc69fc8a11e5e6e0
erp-ui/src/api/oa/purchase.js,1022,00e8d96a8ccf2b4b4c9dde22e39aa9af6e5ce77d82438b2fddc779ed6dda7e0d
erp-ui/src/api/oa/salary.js,981,e16b0dfe0a80beb1fe8bcd11b39f74830d673e7690e44354a660d29859f68bf3
erp-ui/src/api/oa/signPackage.js,6191,55517a84ac3fb3d3f72455b970775a4108eb103dd22ced7e334ac22e5b08813b
erp-ui/src/api/oa/signTask.js,1244,6063d0138628898ccb6cd79029d0386a312b0730dbdb0945a7c4af92cc164caa
erp-ui/src/api/oa/todo.js,312,1976e9671e189286597b6eb1eb90dd82e99383a8ab7e0d2c6182fab7b726ca37
erp-ui/src/api/system/config.js,1152,ce38a77c86defc254b4aeb9ff6bc9c7020143f1b65124ea854eadb98465f988e
erp-ui/src/api/system/dept.js,2084,3af38f1ec64f107cb1a7f3014fc96dbf2749d070d628a439131fae2205cc946d
erp-ui/src/api/system/dict/data.js,1019,3ace5ef26ab4b5292b21da074b4689fa7d2de8ba09d438fa54563aba8e0d8fc1
erp-ui/src/api/system/dict/type.js,1140,9d1f2c37d048ae79214547d42dace2a941b8c1c93e7622ed6e2aa9736067db48
erp-ui/src/api/system/file.js,174,8df9a99826c806fa49102273e67166576af9e43697978590595c73c61c5923b0
erp-ui/src/api/system/legalEntity.js,705,e865d51b00c0af2f59ebb1fbc1d427d16d7e372dfa36fafc62c763810cf75bbb
erp-ui/src/api/system/logininfor.js,690,352ec4a714587b1d8fa3da0d631770e1fcd754a7cff7870ce06d7fc279467878
erp-ui/src/api/system/menu.js,1307,c98d79996544cd9df7fad0c11a9625b1f661ceabdeaa5c956d05c9a23d990901
erp-ui/src/api/system/mobile.js,347,b7347654696e4db055f76cd17a7e05cdc6e066157373f5ab9403a1ac5347e8a4
erp-ui/src/api/system/notice.js,2876,bcfbb1d528b1ed7d353a310f75a7f4143ee82fbbd0b191129ed2e4bab8b450d9
erp-ui/src/api/system/operlog.js,653,198f7e273757ab108f2ee201b41c01b9a77bfebb0054a329a7b16342db17355a
erp-ui/src/api/system/post.js,912,b2069a0000b6a759d6887c4f073d4482741cc38fa0514c761705886952cdb8e9
erp-ui/src/api/system/role.js,2607,0619c61a273f50ff4f6a3a740200881745521373551d42b257f029d1401cf3ed
erp-ui/src/api/system/salaryConfig.js,3125,966cf79b0068af25875f3b3868133fe060edc77da424e743d478b9bb3cc7117a
erp-ui/src/api/system/user.js,3814,fe48e228c9837ef87feb1f84b917d4de93ed6b084c55528f2b1730c898c4e4c2
erp-ui/src/api/system/userNotification.js,889,22e657a33b22f0b52a5c907d527eff2980255a4245cb01fed678a386facb1765
erp-ui/src/api/system/userShop.js,1057,d88b638849b33e66ba0a595fc74f3e839e8d92f4844aab797d64428e48316d3e
erp-ui/src/api/tool/gen.js,1451,a134fb8b85a7a99d63eecbbe005e50a40c0944aee2c02e1f88bb484366cdee65
erp-ui/src/api/workbench/todo.js,702,6ca704b4f2c8ebd5419c7522298f2f52d219f363c2ace11c89a79516cfcf73bc
erp-ui/src/router/index.js,7988,8ed0d299c63a519db0fc8eca40d4e80ce5d5c1045762a17b07740d8d0abcecf5
erp-ui/src/router/navigationPromise.js,436,e9bd2e53e24445389c39f1e38f362e72028e04ea5eceed1395b6b0d30c24f316
erp-ui/src/views/approval/manage/components/AdminActionDialog.vue,5133,6b61513650bf54a93977c706f3f2395ca19d37d1f7ffbbaca9c28002b712a621
erp-ui/src/views/approval/manage/components/FlowConfiguration.vue,13825,03aa822cc869c2414db77f2c33293f3b7a882050ee961d2f176b782a42a36bf8
erp-ui/src/views/approval/manage/components/RuleWizard.vue,40457,4f855725128eb401cf94345b9732d9b041b8c7e1f00780e1f83abd8ba5dd86cc
erp-ui/src/views/approval/manage/components/RuntimeMonitor.vue,23272,3f6568841abd20c92fcb43e468b2be10eeec8f94f99875f2725f02097099b2ec
erp-ui/src/views/approval/manage/components/ValidationPanel.vue,11292,a920b6db8a9dff18a72b2c79ffab69d79732f1d3a123352ddb3e642d4ced688c
erp-ui/src/views/approval/manage/components/approvalUi.js,5011,d474020c30e1369fd8ae866a790207a501e0d6c87877b71ca20922fe066a2882
erp-ui/src/views/approval/manage/index.vue,2924,7da0a74e8b0302897ff5af2b65c9e6d11e926d250145973e3b549d0899f7ca19
erp-ui/src/views/credential/change-password.vue,4964,4138a171a06e36ccfd890cce140677dd4b8b010c2a1c5663fc93633c99fa8255
erp-ui/src/views/dashboard/BarChart.vue,2209,0076c95b72f56fd5b87de861d4ec4685ed6f443ef8978ab19cd4558eed1c8ad2
erp-ui/src/views/dashboard/LineChart.vue,2796,14ab202d0307d91f19a37660984a1b18d9df6490642b448623b743da15ca05e8
erp-ui/src/views/dashboard/PanelGroup.vue,4428,2b8392e16de2883a059aaa338f0a52d81318bc9dc666c88d3c127148404d4441
erp-ui/src/views/dashboard/PieChart.vue,1713,2395585333893106f7ecf680bbfdb6a023d6a7ab47b29fd0b4fe0738efbafa9a
erp-ui/src/views/dashboard/RaddarChart.vue,2851,5c249e38d8b759062cc055299c1eac68d210f9e9dc8caa991d1503b0b3319018
erp-ui/src/views/dashboard/mixins/resize.js,1474,8207878081d4530a07fe9382730f8284e2cb281f6605a06d2b6e3e445a8dbffe
erp-ui/src/views/drive/components/DriveMoveDialog.vue,8325,8d1d6e3938ed3a5d598b5f4591efb13048cff831c7742926763feb64ae7ae205
erp-ui/src/views/drive/components/DriveNodeList.vue,7771,27e7073be80e0285bcf9bc140511a45a3e3f9bb6e9ab35335a5df522e1b1be62
erp-ui/src/views/drive/components/DrivePreviewDialog.vue,3410,9887f3eb6ac8cbb2e4861929f408f81cd0a2eb35487be4243db231f13620984b
erp-ui/src/views/drive/components/DriveSpaceSidebar.vue,8926,e82b49685b65c38c1a9b0ed6231c99b4c39b410c757cc484790107d910200189
erp-ui/src/views/drive/components/DriveToolbar.vue,7773,c26509589eefeed27b40b7054156d45da45308c14a7835bf0d44962fc52b09e7
erp-ui/src/views/drive/components/DriveTrashView.vue,4964,6b1671615261f31635ff7b76bf6d1390a5e1c63015ea1e0f15309c2b2f7a73ce
erp-ui/src/views/drive/components/DriveUploadQueue.vue,4697,083b3be03ab7fdfb367d97f81e8e2d237748da9d7cd55d8d63cc99fd8f025c2d
erp-ui/src/views/drive/components/quota/DriveCapacityPanel.vue,6849,724913cc7f63551425ec87b66046846cc82577fd85b1da2adc01bfc2c0e79585
erp-ui/src/views/drive/components/quota/DriveOrganizationQuotaPanel.vue,19117,15f4d49dae6f807df6aadfd269b31edd51793decac0260d66df863fcb8693eaf
erp-ui/src/views/drive/components/quota/DrivePostQuotaPanel.vue,6470,4ba07c526a9b58a38cc7f31d540d9eda6ec5ff96191181c0aab9689168ea36df
erp-ui/src/views/drive/components/quota/DriveQuotaCenterDrawer.vue,10329,d48198e0ec795718fa97770e448f2a784866565fd5b8abb5333704adb89dbcc9
erp-ui/src/views/drive/components/quota/DriveQuotaImpactDialog.vue,2437,a7919d4323e1063d9f3edf1a89bd5d8fdf6252e59a0f7d298686df631f74fc37
erp-ui/src/views/drive/components/quota/DriveUserQuotaPanel.vue,5791,15bf3fbcd71eb36e45f99e61ea72057a86562b1a4d50a6e2a8635ad8c567a898
erp-ui/src/views/drive/driveState.js,10066,8116d84bf0aac8fb877575d0ea9dd1b9b8d92dccae6498e5c7e41a3b2f8a7b5e
erp-ui/src/views/drive/index.vue,45359,7b6ba796fb88905520a05dbf49de7894a17d9d8cfd2915596d64055d5901ff7e
erp-ui/src/views/drive/quotaState.js,1256,beb0ff1a9426c5cd975d95b5787daae8dfcf369f2db53de4ab1f1b9d69fa40f3
erp-ui/src/views/error/401.vue,1921,83412254e930bfd54f061276d39aaef0744ca5312b28b88d5f8daa6b7ff440cd
erp-ui/src/views/error/404.vue,5423,d9c708f68d7001c20af496b254d3fd4df2e1a42d42235baebeec76bf524ce11d
erp-ui/src/views/hr/completeness/components/HrMasterDataIssues.vue,9202,38602ac5e3288156bfca4e03b18aa7bbd56acc9a47b4703cf71c6346fc103688
erp-ui/src/views/hr/completeness/index.vue,15373,112e1efeb1fa311a40b3b884e0088677a648bff6a16ebcfae5c349f93225a3fa
erp-ui/src/views/hr/components/HrEmployeeList.vue,53376,6f0fd222df136edfa671c3d271abed4fea8d60111d82ebe4b5e5bfc7ebb4d3e1
erp-ui/src/views/hr/components/HrEmployeeTransferDialog.vue,24281,d53ac77d1a0e0e1eb86a3318c265039153d801f38f08026d105a7706c7226d7e
erp-ui/src/views/hr/components/HrOffboardingDialog.vue,19037,a52ab603b0c14c716e469d6c347faad695c6e371dcb1af4e2557ae79981e463a
erp-ui/src/views/hr/components/HrProfileDetailDrawer.vue,29489,a46e70024a52313aa95e4fc9acc31c00c9093181a05eb5ef7acbde9dcf70244f
erp-ui/src/views/hr/components/HrProfileEditDrawer.vue,24674,84257254ddc6f5adf6908eea2a058e17ad9752fb7164a5ac43bdd8ee856ddf12
erp-ui/src/views/hr/components/HrProfileSummaryDrawer.vue,5075,e8f9663f5a9b6da6a40a41b282c43501b1af3939ea1e240c0015da11d7e9500a
erp-ui/src/views/hr/components/HrSensitiveFieldValue.vue,3047,33ea9d7b68efa3e2816d633f536a560ec2044d872ee8e91c0c2343869af1f338
erp-ui/src/views/hr/components/hrFieldConfig.js,12356,443c7ffa85b952722cec985edd9dff2d0215095dbfab0f3d559215b24298a6e3
erp-ui/src/views/hr/components/signingProfileOptions.js,1254,8119bfc0eebe8a5e7483b67ad8c49e73040fd7965b778e5268e9022232b9d48a
erp-ui/src/views/hr/employee/index.vue,1491,55016ec5a93d2fc27f617df1d822dad61b6ae8723f982acf8f2ab9cd8ca42b3c
erp-ui/src/views/hr/healthCertificate/index.vue,28259,16beea53cb229c5659b0bb284b50d45a0e89f8b2fb490e23cc82d3f5eab9c222
erp-ui/src/views/hr/importExport/index.vue,2206,c60d0ed79c15440ba74219c3f553722f2439936afd72d1635bee8322aea0b797
erp-ui/src/views/hr/onboarding/components/HrOnboardingConfirmDialog.vue,16352,60c7f318632b8de61985926b15a697aa2ea0fd4e55963bd5b16c44c48b6db110
erp-ui/src/views/hr/onboarding/components/HrOnboardingCreateDialog.vue,6348,0071ce5d8b62d95b415559e9f878dd3525eb45c5ba8ba67a8978947284a18a13
erp-ui/src/views/hr/onboarding/components/HrOnboardingDetailPane.vue,18847,5917c672fbf8f44ce79ece3096b2a9cd970fc348ed9770493bdc6d77cc79220a
erp-ui/src/views/hr/onboarding/components/HrOnboardingEditDrawer.vue,11831,b0d19ed8e54375a7669bfec9ffacd352beeee4ebabb3326faec7a1ef36289665
erp-ui/src/views/hr/onboarding/components/HrOnboardingImportDialog.vue,28663,6a45b79031037bf9bb3495a18f2351cedd4850ec5d277a2ed08608329aa8fb79
erp-ui/src/views/hr/onboarding/components/HrOnboardingListPane.vue,13164,9b2330bc412e796992befbff503d9740927541bcfc36a4f5e4af7ffd82cddd37
erp-ui/src/views/hr/onboarding/index.vue,18514,0753d40500657c6cb2cc472784666b29df0f1195588d42f06d72ca9e594d78c9
erp-ui/src/views/hr/onboarding/onboardingFieldConfig.js,16096,eb7d2113e1c15f1d13b65975fa761915f80e94634a8c8c1f7306fcc7893a8b64
erp-ui/src/views/hr/positionConfig/index.vue,20646,ac4cae926cdff96becb61b7b63cbca934cb14bc65fa80c3026f89b8acec0f83b
erp-ui/src/views/hr/team/index.vue,5192,d2c13a1172a7e71dec7f3f71318e04738d65c0a81a43d9b8ea7c71f7b6c5fef7
erp-ui/src/views/index.vue,30015,09f5648dc0061716f4496952c073c4d987ca7a697616865ff68cd9b58ca28fe5
erp-ui/src/views/index_v1.vue,2245,e7216dcab7e0d6c746a0b8508a508e9362b214b7af267e52e8300099f5d9d330
erp-ui/src/views/inventory/category/index.vue,16290,9488371a20f52042f7cd1c2bc2f4a79b19c11e0c5b19f6717711919eb47bc73f
erp-ui/src/views/inventory/components/InventoryItemSelect.vue,6996,41159ccbba0d0308173ea6682abab1d87871b2cebfd08a17c232c000da838685
erp-ui/src/views/inventory/components/ProductSelect.vue,5478,ffc6b11ac1821a3a1af6bb8b1d4f69cf7ec415854dceb9b3fbd5244ac2b6aa24
erp-ui/src/views/inventory/components/UnifiedApprovalProgress.vue,5037,23ee7b8ff44cf5c0e8bc79a86cd9da5a3b55355ebb2ccacdf52e543e192f45d2
erp-ui/src/views/inventory/components/WarehouseSelect.vue,4233,3b28c7df972d7a3ab162f42098270e74280803c6a9505dcdaac3cc623af80de7
erp-ui/src/views/inventory/customer/components/CustomerOpsSummary.vue,1896,338c88c6f87499b0b2e52801b94d68cc6df3e9200473ce4f71e385c7c2429a96
erp-ui/src/views/inventory/customer/index.vue,19432,b7f155d4efd76acb942b143bc126e8d2fc6fb827269c2643b788300da22471ab
erp-ui/src/views/inventory/deliveryNotice/index.vue,17508,0f52ac059edf90bd18cdaaa8629096f0817c516d78d32d8c9b65e519e3f3e11e
erp-ui/src/views/inventory/gift/category/index.vue,10810,21e7f07597bcd2a563da3b4440e760ed831f07f066c781de2743f08080160d28
erp-ui/src/views/inventory/gift/index.vue,31925,a3a75b24f9fe630a0004b0f2c828e5590e8c11882921f3d3efabc41d4fb80e3a
erp-ui/src/views/inventory/oe/category/index.vue,10730,b83e08cba0441d5664d7b33340bd91324fd5878a3d92d91d78a403c04626ac41
erp-ui/src/views/inventory/oe/index.vue,33760,60d1ea46a96711f73c5c6eb94b329e50e6c4d989883dd6e167f21e0f9ddb22d1
erp-ui/src/views/inventory/oeReplenishment/index.vue,14260,78a26f509211625782b458ec0a863b2d7f8544d0aedf5e54c96400a7c2fde139
erp-ui/src/views/inventory/product/index.vue,54771,87d3bfd309c7ace52b5253a24a9ad5b68d404bbb69db4f67cc1163068902d732
erp-ui/src/views/inventory/purchase/index.vue,68231,a9dd41cf8160a50b78574491711265c51f0947532604308c8e29651dc0bd5d08
erp-ui/src/views/inventory/purchase/purchaseActionRules.js,1409,69dd7933692787621a51c9b34146c3d7775f0eb19d4f9d1f4b0b81ec901800a2
erp-ui/src/views/inventory/purchaseReturn/index.vue,23741,c1e00eab86feb4944c80d70b25cf1d4907ff25e04369e4cd7dce25e84e11fe60
erp-ui/src/views/inventory/report/index.vue,14107,a27ff465f5407e89577f1cbd201a3b3de55ed96f1f41984b671cde70f398a3c2
erp-ui/src/views/inventory/sales/index.vue,27147,6e70a3639ae8bd8408327ad7c820ba489280d6d9bda7f06f72efb8cd377997a2
erp-ui/src/views/inventory/salesReturn/index.vue,20725,05d220428e6cb742d0f9465b376bce49771c5d55b0409360c8fa99d9f01e26b5
erp-ui/src/views/inventory/stock/index.vue,59780,b96fb4205c053a6bfd3d822647c2be742158303f10dbaf4611755ad3e48f8e9e
erp-ui/src/views/inventory/stock/log.vue,14115,ea5a411fdaf6d57d3268984041b81b6361c13e4a87c7408e88a2b01822b564bb
erp-ui/src/views/inventory/stockCheck/index.vue,78650,45bb214d51efeb47840bbb3334a1675f0d05418aaa78c6fc9ba5b7dace2af912
erp-ui/src/views/inventory/supplier/index.vue,15777,41f019cf7baac4026a6f3d7bf9536f851a5b603709f303bd248cfb0a2442da94
erp-ui/src/views/inventory/transfer/components/TransferApprovalProgress.vue,5471,f5b39754543a17aeec90bc116d7de22cec2b196331c8222d1a63a2384c3b0dfe
erp-ui/src/views/inventory/transfer/index.vue,114113,32a03a8c623f9c9f0b9127bfe951dc893deb337d741ee9b131cce8abdc9dabff
erp-ui/src/views/inventory/transfer/records.vue,16859,dc7a463989ced210effe5deb338e8d1a35bd32b92f9b415546a5e1607947c8f9
erp-ui/src/views/inventory/transfer/rules.vue,22811,24e4f268f52b5f7b483c2fb038363fa167db8cbe129f43890fb7f333e729c957
erp-ui/src/views/inventory/transfer/transferActionRules.js,521,139ea814603cbbb3d25ad2724b151251a6b37d8fb271a4967ce3c8095f9c8a3f
erp-ui/src/views/lock.vue,9113,11856c83ba819c18ba9c820272475780ad1b5fdc159e7f4114a1ef2f0b373ed0
erp-ui/src/views/login.vue,25077,989d8d2c6866113f239e737a9b3829a4e18042e19ee0cfcebc6e3e1c9968e6fd
erp-ui/src/views/mobile/components/MobileWorkbenchShell.vue,52132,7497334064913ec50fe472e0e33bf11cd4de6346f2a4c7d16917d7cf339d37df
erp-ui/src/views/mobile/contract/index.vue,19788,47244f690133dd81dcabdf255f6394bcec0c5afca223a90b75af7b51353823c3
erp-ui/src/views/mobile/customer/index.vue,27014,3f41a49084015c2d6440eeea0d34c5688c0d254373bd9b5cce86b5384167390d
erp-ui/src/views/mobile/drive/components/MobileDriveActionSheet.vue,3869,7abbb0c7f41f674b7ddac58c7f75e26cdfa82ca70e055cf2535d5eb44c725ea3
erp-ui/src/views/mobile/drive/components/MobileDriveMoveSheet.vue,12274,e1e95a0fea2bbb095e33bab9c1d0c9ece8900db360996a8a03b69f6818028d6e
erp-ui/src/views/mobile/drive/components/MobileDriveRenameDialog.vue,4319,44badabbe7e4b527837894dfd0778ae5a1b9c1320443d1289896b7f3a8218886
erp-ui/src/views/mobile/drive/index.vue,38530,cedb88b18a96a3907cdfba19887cd6e0520f7ef412b4ad12d4907e185f26ad73
erp-ui/src/views/mobile/drive/mobileDriveState.js,6093,12f4d9d482b992855a5a7cd22ac329e5be8a5d09760f6f9d3c97f13c234a3e9b
erp-ui/src/views/mobile/feature/components/MobileActionDialog.vue,23117,3c0cca3e2c424f4ae35d4e345ba8d37db4a3d67e75b6c2147d5b68b16a4caea2
erp-ui/src/views/mobile/feature/components/MobileConfirmDialog.vue,4635,80e55ffba16642ad6e79038f534dafc820b2f89da7468293cf54b31159b4e88e
erp-ui/src/views/mobile/feature/components/MobileCustomerRecordDialog.vue,7628,82db81c98e159103cfbaf58d2382bffe063ad3707239687cceb768d65cf61d72
erp-ui/src/views/mobile/feature/components/MobileDetailSheet.vue,8182,47afd939faf9ac857a375a7174648d83e1b720da1a836e6cf5d57e0950d08ece
erp-ui/src/views/mobile/feature/components/MobileEntityPicker.vue,9719,968eb06d52668f67cc1006aa9a41f418d7f82daf1a7d54a4825c3de5dc61a532
erp-ui/src/views/mobile/feature/components/MobileFormSheet.vue,23952,cd0abcdd9ca7e0636b3570a2f5da1cb91ce8d9737428333a1a4d7d9607fa72ae
erp-ui/src/views/mobile/feature/components/MobileLineItemsEditor.vue,40460,7994f68462177d6c3b33843f7b4b2ff8c5089d2f11c1b2b1a18b86437eb8c8db
erp-ui/src/views/mobile/feature/components/MobileQuickCustomerForm.vue,9000,583079375e564815383f2950a89856831ec7291a249458c68c62a112a87dadbe
erp-ui/src/views/mobile/feature/components/mobileDialogFocus.js,6181,eb4641f9571fa3ee9f421f0bf51456f2997832c8f4c9a03954f7189b4a7f6bd4
erp-ui/src/views/mobile/feature/components/mobileFocus.js,713,c38f6a6ed9ce35465c4c53b05b230c7eccc43f68cc7730205c4772e8ac8ad27b
erp-ui/src/views/mobile/feature/components/mobileOverlayPortal.js,1040,099a904ff70c7d5d964260b90662c28af8ca4be71dfe390c92714104f4b07a9e
erp-ui/src/views/mobile/feature/components/mobileOverlayStack.js,5865,719b2a014507bb1e04977a37de52a932fac282c552f62e5e039c099b665d022e
erp-ui/src/views/mobile/feature/components/mobileSearchKeyboard.js,341,a9be7d962ef573e4abc240abc7f32dda5ea263996ad2402ec4dceb66c55565b9
erp-ui/src/views/mobile/feature/featureActionRuntime.js,20277,38438677746668393ad183bfd84d660c88494b4e899343730364983f59c0f746
erp-ui/src/views/mobile/feature/featureActionService.js,3647,1450f0ebbae315ed49aa22878a0fddbdc67f135f5054fde014081a3c3efc99d5
erp-ui/src/views/mobile/feature/featureActions.js,27257,017de4a3ecf8f75d57e56b3ea8fa7b217593d0d6b4f1b34419a6e06eaa811d7a
erp-ui/src/views/mobile/feature/featureMapper.js,92537,8f6d4710bd214d9de68f0519e68b3d392f11259a4059ad96a47adbcab5c94025
erp-ui/src/views/mobile/feature/featureSearchConfigs.js,5395,c6a9f2fcb045614f301c1ad50dba213109755ac71960c2c6bbb62864cf25b888
erp-ui/src/views/mobile/feature/featureService.js,34999,a6073d0d0734d3333f252fd60538503de808790a6ecbe5cff99d3bf2f8cff3fc
erp-ui/src/views/mobile/feature/index.vue,105193,5c8121379ff60a6305c5650d9238192554021da5e7bc67a799f26c006d9b6cd1
erp-ui/src/views/mobile/feature/mobileActionPayloads.js,5085,86d5dc75717c37b79fe6ec3e3b294189c268363c6e9f5269a2c4a1b7731c6692
erp-ui/src/views/mobile/feature/mobileCustomerServiceRecord.js,2869,935a3887a4584bfb757cc0f2d91e9019b3463b57c44061f3cf01d61b26d0a121
erp-ui/src/views/mobile/feature/mobileEntityService.js,22254,1e1e734514534da4e7912ab0dda3408679482c078ee349f3a7becb3a178b3b91
erp-ui/src/views/mobile/feature/mobileExportConfigs.js,3422,782b67cb0bf36a016459d48b90ce7208b21e14f910bc8f8dc6a13142da66521c
erp-ui/src/views/mobile/feature/mobileFormConfigs.js,16556,d485fce3dd181e3a57c6157dbf239be1367def04096872bdcacbb6dfc9101ca3
erp-ui/src/views/mobile/feature/mobileFormPayloads.js,19800,eec2e65caa24b318ba1f658853cb900d8de73e95464b2cd416dc50ed65a190df
erp-ui/src/views/mobile/feature/mobileLineItemPricing.js,1404,742691949be2964dfa48e3552828be3f88cd0532a99027c836a627bee20e9628
erp-ui/src/views/mobile/feature/mobileQuickCustomer.js,1547,5d19e70df86646b8083d4fe41b8da0cf5c64d7a1614f0739245b9bd165390379
erp-ui/src/views/mobile/feature/mobileReturnSourceOrders.js,4966,50518526c2f1d8ff3b81f83a01c7fcdb9c4cc313347e224d22e64ae8fd4de1eb
erp-ui/src/views/mobile/feature/mobileRouteLoadGuard.js,463,9291574ef2df45cf7dc5b62eac96e56488bd1afaafd53e9bfe8a91415f1fbc20
erp-ui/src/views/mobile/feature/mobileValidation.js,2886,6ebfc53b070eed7770c0fb41e2fabff979d97dc79be0d40b2a5f7719fb3448f4
erp-ui/src/views/mobile/hr/completeness/index.vue,8368,b0be1f939bf35bd3870f6681fab2da6d166ca8934feb1449cb7163070ebdb3ad
erp-ui/src/views/mobile/hr/components/MobileHrProfileEditor.vue,6378,7427ea015b502a86a83ff6d8d4c0dfc56d1c1ee4f0b97ac59c941230f2a2c863
erp-ui/src/views/mobile/hr/components/MobileHrShell.vue,9714,47b6d8a7c312342b27c993c2f0607fbfbb19e6adac65ba7ac220c33418549725
erp-ui/src/views/mobile/hr/components/MobileOnboardingList.vue,8298,273e116b8923734a58b81b1cb52c065a474478c4af533148e17b94ec96c2976f
erp-ui/src/views/mobile/hr/components/MobileOnboardingStepForm.vue,13051,65cd3fb11860c86a3ff319fbaeb8b3ce4f72a3b5c0d896ee174c50276afe9d0a
erp-ui/src/views/mobile/hr/employee/index.vue,8664,8d7fd9932729104415079eaed6feeba20e190b59d6e84f01167a1b83ce3d786c
erp-ui/src/views/mobile/hr/healthCertificate/index.vue,1439,cb45df9e70664167ac7cecb7f7d068c138e6582bac1aadaa038093b2c1e99cf3
erp-ui/src/views/mobile/hr/index.vue,8715,f2c2acaf2cba1ac1cbed0bc3f82f06a1e53a6232ce948076721d5fc557f77638
erp-ui/src/views/mobile/hr/mobileOnboardingForm.js,8536,4e2f77844533a445fc2fc912a6eb6610f8707bd9caf071da037781d566baba8f
erp-ui/src/views/mobile/hr/onboarding/detail.vue,46349,e246a63307f3ac269e78c8ff05fa94454fa52a6b87a5356422ef1e1de0c7078a
erp-ui/src/views/mobile/hr/onboarding/form.vue,25023,311abcdcfc108b631fe2174fb6da566f4c4020a0a33e6f5d2a603dbd3bccd7e1
erp-ui/src/views/mobile/hr/onboarding/index.vue,27615,a74244db102ce021e96396675f6157460858ca51bbf3a7f1bff35e06504d30b2
erp-ui/src/views/mobile/hr/team/index.vue,322,c56871e9304b74a42427ee2e06fcc098e5dcf1b07eda4818d8bf79b3b36b4572
erp-ui/src/views/mobile/inventory/index.vue,30379,ac687f17c4c61aa310cfe243e098e2b5569d713f9c5b779c61898e9a1a2fc5d2
erp-ui/src/views/mobile/inventory/oeReplenishment/index.vue,383,c9c2d1e7d8068d774785af6e8ddcd9f172f0770495d29b2b97bcbd512de229f7
erp-ui/src/views/mobile/inventory/workbenchData.js,1277,dd6c3bcc9a7a8f2c57f34e7bb42fbed407c589498fd6a117f7137c56a6c087c8
erp-ui/src/views/mobile/inventory/workbenchMapper.js,14584,0d00b6f1157a726f15494c95d5dbcf36be0aeafc39520c474bab9a822c33a530
erp-ui/src/views/mobile/inventory/workbenchService.js,4715,0e5ee9106604085652fa949e5fe346254a3f754ebb936b5c532bc713604c7993
erp-ui/src/views/mobile/mobileExperience.js,10458,9d50496e6a9d7ba9510ba00f1674a13f05a04456a4ef9111b1578910ed4b5108
erp-ui/src/views/mobile/mobileNavigation.js,23842,e52ee568d92856980069d90c93a3f0fb27f18995802d3e1d6e960e96a1b3bfa7
erp-ui/src/views/mobile/mobileRouteDefinitions.js,38390,60da36c1520cc6ea16d05987eff8a3fd14417b0e813ad39d73fae3a9d669893e
erp-ui/src/views/mobile/mobileViewport.js,4417,dca3295829f6e89c25ebd887b2c0e6854ed79c0a0f720bf99c0a3670efce1383
erp-ui/src/views/mobile/oa/purchaseApproval/index.vue,18378,35ab99af0abf950fb128c1ca754c6253f96491f0bdec946ac08c095c1a55a7e0
erp-ui/src/views/mobile/profile/index.vue,21780,64fef471f4af5b664a3edb84f2c153a64e3aad5d3b8604d7d6ca0b0d0e620cb1
erp-ui/src/views/mobile/profile/mobileProfileValidation.js,2141,2c3ceecf060c55ff73d842877f19cecc2d6f133717c721fc19f43f7d038dbe4b
erp-ui/src/views/mobile/signPackage/index.vue,58433,76784186eed43de6d6a7695042b2b4459d4dae1fc6ef4c30b2700e5494b14930
erp-ui/src/views/mobile/store/index.vue,264,7b7e6e82676c8f875c745771b138a491aecc6e04283c113a8d8723880331d925
erp-ui/src/views/mobile/todo/index.vue,41659,5bcae8847401484fff56127ac1db12bf4367b290eecd283ceb80034c5774331b
erp-ui/src/views/mobile/warehouse/index.vue,272,42290e98e2186972be41594e79e59346be38e5b68bd22b8b8237b7a100ac2cc7
erp-ui/src/views/monitor/job/detail.vue,10097,7a90d5574e8a1709b99510f252da6fca2724a1bcdadbd0f1fa47cc0e11c9962f
erp-ui/src/views/monitor/job/index.vue,16345,7151574019eeb3160653a1d29b148df83b4b0858b73d036267d9f492de58364e
erp-ui/src/views/monitor/job/log.vue,9391,af2af01061e554a138904d3726268fc4017d35baceede35973b777e406ff9607
erp-ui/src/views/monitor/online/index.vue,3909,da5390c3d7634f678f768253707685e79d68ad39b73d672361facb388e3e87a2
erp-ui/src/views/oa/attendance/index.vue,13720,267581378d8044d24e769b74fd47f32977f7f94c4bdfef8f3d3bd599f0502ca9
erp-ui/src/views/oa/fixedAsset/config/index.vue,36916,39f2b5d47989a0a8035d00f3529e11a74f2857e636a5e37254b72e2dec3c62aa
erp-ui/src/views/oa/fixedAsset/repair/index.vue,25561,bb99ac4765f3f04faae25c3e26a7cc3b9d09ba91077536c48651aa532f654d48
erp-ui/src/views/oa/index.vue,4972,b9f496f5e9a65fabc31af5996340542b231e92c1ec3ba038606dd00251e23d77
erp-ui/src/views/oa/laborContract/index.vue,37574,2a652165a1c7c28df1177b540cb5481f12be403a08e2eafb8ed9d2823005ef1d
erp-ui/src/views/oa/purchase/index.vue,22607,e6b3e84f041370a3d1a350aafaec54b2fda3b2974fa66e498f52068c8e4ff881
erp-ui/src/views/oa/salary/index.vue,14567,f453216cd48e041c0ddd7caa737e1212cb7c03143753900ef5000353b3b0e5e5
erp-ui/src/views/oa/signPackage/CompanySealManagement.vue,13066,5a17675ca1191f75efd7ac30e3503fc8c80d5544f7718928b01061ae0501ed29
erp-ui/src/views/oa/signPackage/index.vue,109726,ec306e8558e59d0e2071c31e258bcdc908f34ad4892faef7ac0797283d0e6d53
erp-ui/src/views/oa/signTask/SignTaskDetailDrawer.vue,32576,0c1e1bdb254e2e14c3f5bca60d0532457f3355e880546bce4b61da51e84be29b
erp-ui/src/views/oa/signTask/index.vue,17454,db1a2d1a313ce2abec58ca761b0add348faf08c189ea3e0bd460269d44ec4cb2
erp-ui/src/views/profile-completion/index.vue,22137,d78e159824c774e833b63af84cb197978f7576d5c87fd5179aa07a2be45611d9
erp-ui/src/views/profile-completion/profileCompletionFields.js,3748,17f9dbd4a98c0b483c1c8e806efa4fb45c932511d372f9acb7419c0075f330cb
erp-ui/src/views/profile-completion/profileCompletionValidation.js,6640,7df1ad240396c7be7191b94b66b54db541c7437731ec3d099a3e1a007c72ca0b
erp-ui/src/views/redirect.vue,261,2247d084b88af990ac47695fa08a94b6371cce001d14734b1b735c4ecc610cda
erp-ui/src/views/register.vue,7719,8e5a71d98424baa813175e0e4e522298c29e2d3ec1987dd4c8e20ea0811f9686
erp-ui/src/views/select-shop/index.vue,37578,8553e37e93ca0c7bb07b0da766b21781b73175d7b34e1c06b39037fde9b462ec
erp-ui/src/views/select-shop/shopEntryRouting.js,541,05ef930825972e9132fe168eba1f2f62c6b2374815b3e3c654e488dd252acc64
erp-ui/src/views/system/config/index.vue,14516,0697238e8b5d29111dea39b872291c763c48247577657df0c8caeef5332b8b0a
erp-ui/src/views/system/dept/index.vue,22646,3118b269ba2e78d5a668defd02f180fe2601cff67f320ae14ed04b8524bc73e3
erp-ui/src/views/system/dict/data.vue,14184,40a85b61f68f1c5f47e82edcfb253d4102edb28031727ae007713719c705f2bc
erp-ui/src/views/system/dict/detail.vue,4891,1acb75c9431af98a0ed627583a5c0309c5706130197ec0d8a7c1175884a4e3f3
erp-ui/src/views/system/dict/index.vue,13075,95e7e675880d98d6bb480c61bc6141c2a0611bccec9915f9cb5206db002127f6
erp-ui/src/views/system/logininfor/index.vue,9106,b128b8ca60b4b98cb54a37d871e2d2918fbbe10e15129f0183e660fdc2a0453f
erp-ui/src/views/system/menu/index.vue,20718,63a50dab833cbdb10cf0f564b23da2be188baf90228b0140b7fec2a1c4b337d0
erp-ui/src/views/system/notice/ReadUsers.vue,4004,1aac72eddac2596dde7eaff83215b32b4cb2e9b4f7d262f7009d88afa8147c2b
erp-ui/src/views/system/notice/index.vue,32445,b77951490b9f63cb5e22e32df240ac7c74463584f9fc2d3046dc8cc756ace622
erp-ui/src/views/system/operlog/detail.vue,6641,32106765c7377d1a9bde98de24f46e16ba490ee2f4a0e2f8f5bd07d870fad1e2
erp-ui/src/views/system/operlog/index.vue,10789,bdf41132dcae89100da9481eb7e2b266a7a7e0d2460e68c8b752497fe94b3187
erp-ui/src/views/system/post/index.vue,10841,05db9358903042fabc60b0aadf8568b945f1458f3c8fc01fb787f33680573287
erp-ui/src/views/system/role/authUser.vue,7029,c1b09ca58127fcc33a1ce66f71bf711550c6217018991cc0b35494ff5adc1c18
erp-ui/src/views/system/role/components/RoleWizard.vue,14379,08a25e9a39892ace27fbd1246d022707cf0d31f725700a983844acb7bce36ad7
erp-ui/src/views/system/role/index.vue,22710,250140ebf09ece7b1fc8a342cd473bbebef51395554db8d23062b11c9e51fd91
erp-ui/src/views/system/role/selectUser.vue,4472,a68133d1660ec207ea316bdfdd0a0f66e63384bbde0588f384aea6d2ef53a5fc
erp-ui/src/views/system/salary/index.vue,46902,6076fa7d1a3459ec047ad34ea8819e8172bd7be1d61e2d9a2b1f1fff8b222117
erp-ui/src/views/system/shop/index.vue,32469,4d2397a06ab013670c0e9a510a35502c992903012ef66852ecd1c24f82a89550
erp-ui/src/views/system/user/authRole.vue,4286,c592740acfe999b18eaee76bf79aebbed8d41436d9bf4874d67f6d7e42b19c2d
erp-ui/src/views/system/user/index.vue,78639,ce2f40db0519019977d59d4c8ce40bc3b68f292d025c85a72fbf254e343cafdf
erp-ui/src/views/system/user/profile/index.vue,3428,695cd471c819f3d285ba3179b302ae9e45f09fdd08dd9f5b2fdf64397b2a3eb4
erp-ui/src/views/system/user/profile/resetPwd.vue,2201,fd45006c407443996730570c79912cf6f864f53f550f6091fa25e9d476f2c913
erp-ui/src/views/system/user/profile/userAvatar.vue,5860,95808d8b56b919b365cfeec2890d39c8e0ac71619a639b5545422dad6dc7c71c
erp-ui/src/views/system/user/profile/userInfo.vue,2509,42dd324687d391b717ede0abff5741ed2318d8e62b08f9c3d549d9df7f9bb395
erp-ui/src/views/system/user/view.vue,12568,e71d2747d0a121657ad2c3f03fef96a3a9f89e0e8123f22d3e0ae5a364023ece
erp-ui/src/views/system/userNotification/index.vue,7382,23767fe416957db4d3d118b5e71133a93a380bfa7ada82bd5b6a2dfe5f38d699
erp-ui/src/views/tool/build/CodeTypeDialog.vue,2581,e588f9174791724ff31f414ff286927cf9ab7381e9d3351974485c374998bfa3
erp-ui/src/views/tool/build/DraggableItem.vue,3288,50b450496a9bf77067a9dc959a7db167ae50936557c79ffd7c745dd710ed0318
erp-ui/src/views/tool/build/IconsDialog.vue,2560,224f9236a0bd7ad214c5a0873cdb8c033329fc8aa93e5642c95d9f28aabb3c0d
erp-ui/src/views/tool/build/RightPanel.vue,36472,2c608ab6233b360af78e04bbcc178b55568c91fb22c83e5900eaeac38d2258ef
erp-ui/src/views/tool/build/TreeNodeDialog.vue,3491,04a64c2a8460928c8330be0f55346abfae3b1b089667064e22d2debb57dea493
erp-ui/src/views/tool/build/index.vue,19595,3134f846ccec2bffe8f96467ba1d838ea730708d2633a4fe1befd807b4806b8b
erp-ui/src/views/tool/gen/basicInfoForm.vue,1833,db773ee7ea1ad9267cdb78a3c0dc03a6630e45cd359f309459238d1a1f6bb8a7
erp-ui/src/views/tool/gen/editTable.vue,9361,2cda2fe2b7af3d1efdf4c5109028421d7744fe32709a8dbab2e2bab135e001a9
erp-ui/src/views/tool/gen/genInfoForm.vue,11245,356a6a1cf335897cbcd609326355ffe3fb21d5eec378449d83820dd3a1ece48a
erp-ui/src/views/tool/gen/importTable.vue,3804,012d9d127d296cbb8c22567369014aaf45a8bf30aa7d5df6dba5432819980511
erp-ui/src/views/tool/gen/index.vue,12300,be964661de09773b87be96d3c4f6c0e03847ce3d0671faaf4b83e259d0541f11
erp-ui/src/views/workbench/todo/index.vue,30471,6949eee14996fef881ce1b2306f092919954e19f88fac33cbe29429f0350560f
erp-ui-next/src/api/adapters/legacy-response.test.ts,2423,5c5c9a00dfac7de2110b751d540f7ebfb3da1c4705f0817db75a379394354967
erp-ui-next/src/api/adapters/legacy-response.ts,3722,89a77a8754f31870124f8972ec715387fd56bba13bc1e112cc0633c2f51ada83
erp-ui-next/src/api/contracts.ts,401,5b07cdfd14e4d7ad2e7b965ea5c5cf53cf3eba5c9ab974018df4081705798e7a
erp-ui-next/src/api/errors.ts,2361,e8f2961a0151078e47844a8faf07b23742ea42968041239c5e284d1f823528fc
erp-ui-next/src/api/http/http-client.test.ts,11470,1e8b7dfbbc3d4d9460809d1632dccfd41ee23927daef4cf8ded4e6bf3f9920d5
erp-ui-next/src/api/http/http-client.ts,12780,57c9c8bb521e77798183b476c55072a9310086ffc9b2c0b920a2317e7cb3532b
erp-ui-next/src/api/http/response-security.ts,417,3857e489b1737fd310ff94bfacd82fdf1b11bb01afac0ecf8ec8b0e9c4b111e6
erp-ui-next/src/app/providers/gateways.ts,17795,c26a899dd901033a5d662759b8e18f599ea7d33dac9c85fb82ed1199a1563a82
erp-ui-next/src/app/providers/http-gateways.test.ts,3791,877b6773fe8ebc1569d77a7095b4d675109f3ede7e1fc1c038cba79b2406ff99
erp-ui-next/src/app/providers/http-gateways.ts,5362,cfbb191f8099207ccb5b68eb0403b3467e50611a4233653b8b41bab1667d857c
erp-ui-next/src/app/router/index.ts,1226,4474a7ee5085307e50ca8abd6e7cfddafdc6a8bc894ac87eb0ac57cc3d5bace0
erp-ui-next/src/app/router/purchase-return-routes.test.ts,1226,b6f0c63e38a596d041054fa510a679003b3157b21309780c6dd59f4bb374c193
erp-ui-next/src/app/router/purchase-routes.test.ts,1747,be418fc83aec49dfd82eb7e2e003035dbd889ffdc94dee31b733c9302de8c208
erp-ui-next/src/app/router/route-access.test.ts,25367,fecf6768482dc0a75e13cc3db3257240f3522ba3aa28ece81a2cc7f675d762fa
erp-ui-next/src/app/router/route-access.ts,1995,c4d9bd5e7fac6b7b245160a4cc53beb459f866a59605b93a6b3d5f060dac31b1
erp-ui-next/src/app/router/routes.test.ts,1399,531225acfa016dff41add804e9f927e7b6bae6be506929e8b5281a5bb41b8abf
erp-ui-next/src/app/router/routes.ts,21164,bb8fb60ade3e45e00ad8c0fb72347786611c8e6bcdbf95fcd2f51731b5b4a1f5
erp-ui-next/src/app/router/stock-check-routes.test.ts,1086,ffa35cb409bcd00056c659f9e8dac9b8d4d1c51438375f1b094ef216ec3d7568
erp-ui-next/src/app/shell/AppShell.test.ts,4508,9ca5753c6ac8bc55d78f056bfdafa0dc0321404db09f8dadfe87d6bf8f618789
erp-ui-next/src/app/shell/AppShell.vue,14225,3b8696602b1734894ff6e4672155a4f85622d754d3d4e71dcf24829c917c3bf3
erp-ui-next/src/app/shell/ErpCommandPalette.test.ts,2351,00bf53e8130289fb6c07132f216ac9e4166be67305b72b87920d93a96371e805
erp-ui-next/src/app/shell/ErpCommandPalette.vue,8428,1ff382fb66bd4c3dfe83c64303d902a3b86e47421a034eecc52732d5ea3a0adf
erp-ui-next/src/app/shell/navigation.test.ts,6202,e12e5c64db3d6c0d71334d630dd9bc470f2a5744f9b94b3e2993a7dfca8706ec
erp-ui-next/src/app/shell/navigation.ts,12031,ddb05e8e781c3301dd0bd0695fffe0a24ef6e0ca1cbfa4d631069dbad99db67d
erp-ui-next/src/design-system/components/ErpButton.vue,1300,eadd5fc67f064480a3c0576ff745837778ebab19cee503ebc6a7c6533f5b09e5
erp-ui-next/src/design-system/components/ErpConfirmationDialog.test.ts,2147,b78fa2ecf3f3510fe5193c31574face4cb77c507970576473a0255723fbd7333
erp-ui-next/src/design-system/components/ErpConfirmationDialog.vue,6522,522e903c4244de1a0b86dba23aa63d27a8d6fc435b3875ff801ed51443bd791c
erp-ui-next/src/design-system/components/ErpEmptyState.test.ts,1165,fde810a4c4ac3ffd840c705c72c93f7833a6fd3720f73939dfcaf7191261fa45
erp-ui-next/src/design-system/components/ErpEmptyState.vue,2822,4c91de4b19a938ea89e83212140b140e80ec32c7f15aa0ef1ce193437d5d4176
erp-ui-next/src/design-system/components/ErpErrorPanel.vue,2523,de7783b848ee7c8b5fa736edff8d184b3e79dc2724cf2619fdb080bf9fbbb10c
erp-ui-next/src/design-system/components/ErpEvidenceUploader.vue,5146,eb19e1f7c1996fe8ad230a1a83ebbb55cb62ef1db1b5251aa4ce0a3434c49654
erp-ui-next/src/design-system/components/ErpFilterBar.test.ts,2100,a7499df55395d450fd7b600a550d9acc552a799c3be23f3a23f06a1a5330b188
erp-ui-next/src/design-system/components/ErpFilterBar.vue,826,83433b4ee41403a06ddfea5f2ba4dbeca01e90d53ea35452da0388d2cd3fdf74
erp-ui-next/src/design-system/components/ErpFilterField.vue,1038,109d6cdd5e28625ee813be3dc7dd3728caceac3b2ba75035f401b422d000364e
erp-ui-next/src/design-system/components/ErpFormField.test.ts,2211,49e734d8f9199d6d4f043a05d282ddc15f0525305cbbcd73698e0fbb40982f22
erp-ui-next/src/design-system/components/ErpFormField.vue,3660,4065f7e5b33c8e2f18a7f19b3a8d568c6d46d959ef23a9117256732f4a785ccf
erp-ui-next/src/design-system/components/ErpMetricCard.vue,1366,91c7cd1918ca77fc36059e938444c964778ff2bceb9f9db9304f8e7e251e76ed
erp-ui-next/src/design-system/components/ErpPageHeader.vue,1227,3565201864685f321135d79197e483ba251f2194a14e03a3e30ba3509e8b89c5
erp-ui-next/src/design-system/components/ErpResponsiveDataView.test.ts,2370,7a89863a9c1ced4460acd97994cd0bc092ef084f4491cf88a60fdb3199593c7e
erp-ui-next/src/design-system/components/ErpResponsiveDataView.vue,2634,4784fd658a77f1f618b2c657bd8f55396bb5c5f4827612db58ebb990b9f538b9
erp-ui-next/src/design-system/components/ErpStatusBadge.test.ts,464,1a2e08fd57c8bf4dfab8ca5d2cfeda51d13404c80c5045586f752f1c37ed69a4
erp-ui-next/src/design-system/components/ErpStatusBadge.vue,1221,c09c5cd5e01f6d6ff764819ae5ffc6968b00b419df46e73e0739227cfd75070a
erp-ui-next/src/design-system/components/ErpTaskActionBar.test.ts,2565,6305d8608f18ca17d2c77f16ba9365790a55bfbb40ba06b97237ba14d24a9674
erp-ui-next/src/design-system/components/ErpTaskActionBar.types.ts,67,557cc1fb3b51554d76eb9c6bb4a4a6d32bb475896e789ec8415863ae5178ebaa
erp-ui-next/src/design-system/components/ErpTaskActionBar.vue,3859,939e0d73bab7d94bbb07ec2e87d1183976d98cbf6fe7765bfe4605915e3de02a
erp-ui-next/src/design-system/components/ErpTaskStatePanel.test.ts,1569,6f0478083ab2879a5a4efdd178af4742cc72a367f2bc46e17c349b0e91ada259
erp-ui-next/src/design-system/components/ErpTaskStatePanel.vue,4847,598bb09cdde67400e7e010248439a0a304ddf701cbc7d26431fe1183bbdcf031
erp-ui-next/src/design-system/components/ErpTimeline.test.ts,2162,31c5c2d5d6b641d829ba4dd896a5ebb48671a34ac105b2aac341535cbb60fc1c
erp-ui-next/src/design-system/components/ErpTimeline.types.ts,337,0f83a9f16b1b7ce08071335a08c87799d7622233d5841e91a42404bbd3a39e22
erp-ui-next/src/design-system/components/ErpTimeline.vue,4008,91a3ed03dbee2e8d3c3ed7345c2ffae500078a6f7bd9e09a5a5e5c6277d4db1c
erp-ui-next/src/domains/account/account.contract.test.ts,4633,28cba029f5f28fb9fe34bc501b5e946be97e5c0bacc84a1cd4e8d1f97d28838b
erp-ui-next/src/domains/account/account.contract.ts,12523,8dc59046423e5f82e9533f0c663676143efd8310eb9fee5ea1404bbe9ae4847d
erp-ui-next/src/domains/account/account.gateway.ts,669,d2484102080ff5b1d9eff44af1499a68e720814e50e37c4169c8104c7549974d
erp-ui-next/src/domains/account/account.http.test.ts,4666,4aa8b72d7e36a6a47aa668a4e11289265e220b88cab065b78df92e3924c23673
erp-ui-next/src/domains/account/account.http.ts,5018,333bb836fa65a6167eeeec6fdf6b08f81273c6c34c683e024b656b80fb838ad3
erp-ui-next/src/domains/account/account.model.ts,1706,831995bd6f072e057ed2cd2b42c28e162cc0a8146e2257f54586b8c144075c54
erp-ui-next/src/domains/approvals/definitions/approval-definition.contract.test.ts,4460,466ccbd1967d1e8293d4617420f0d71a40884d7ca819271aa8a990694c690081
erp-ui-next/src/domains/approvals/definitions/approval-definition.contract.ts,2857,a994ce18372b28c97ac0746b97c02a29174e4568f4fe5fe1b5f8f0372fc0b47b
erp-ui-next/src/domains/approvals/definitions/approval-definition.gateway.test.ts,1668,591d23d9babaaeff97944b709d8e739f2acbc028c02450cd83cc35384f02f884
erp-ui-next/src/domains/approvals/definitions/approval-definition.gateway.ts,308,58acacfb34b78f928c995444e91db6cac793c351c74a546a46deb1087f633dad
erp-ui-next/src/domains/approvals/definitions/approval-definition.http.test.ts,4391,a2f00e3d74ab9346c97e20e113a38b000c32e7d10cd5badc3877613900950768
erp-ui-next/src/domains/approvals/definitions/approval-definition.http.ts,2170,a5a34e1b9ab606d24020d1cc9fd45fbe0a89c442b555dc9a69f3a09a607ca254
erp-ui-next/src/domains/approvals/definitions/approval-definition.model.ts,1559,4d4f8982b7e3d4f0cf2f9a853cb57627631c327557f6508d5aa5dca5af179b11
erp-ui-next/src/domains/approvals/instances/approval-instance-admin.contract.test.ts,3581,838791e61c25a13f86493c157da4c517e96724a4090a6b39a073ff3bfcc21f26
erp-ui-next/src/domains/approvals/instances/approval-instance-admin.contract.ts,3909,33059539803292c92ab61404fc7c2cd4db7ee188578ad8f8c1c45cf47ce87929
erp-ui-next/src/domains/approvals/instances/approval-instance-detail.contract.test.ts,7764,585c4c613e8111d17bf03f0182c829541bc1ebbe758882c8e0d170a6851abbf2
erp-ui-next/src/domains/approvals/instances/approval-instance-detail.contract.ts,9687,168f9b699f9935bfcdd0299e3c5464f8f7ef78212ec9a4591838fa964cd74034
erp-ui-next/src/domains/approvals/instances/approval-instance.contract.test.ts,6076,52620967c43c42852cda0f449ec70a66d52fc26d4d8e7e43b51f69a33eb50933
erp-ui-next/src/domains/approvals/instances/approval-instance.contract.ts,5187,d376b7739931f664eff171be04c4619b6622c887d920b8c7e2ca7bd11582143a
erp-ui-next/src/domains/approvals/instances/approval-instance.gateway.test.ts,4846,134760fdc6d639133950ff43baf34f40dc07e45437180f47d29d8f87348af0e9
erp-ui-next/src/domains/approvals/instances/approval-instance.gateway.ts,822,1b212ef409a233b12a9b7747b4308794ab9fe52bd3b2071a99539053fe2a5521
erp-ui-next/src/domains/approvals/instances/approval-instance.http.test.ts,9067,9be011bc36c73cd777d7a1cce7da93a6f8732c9707b4e32f699a2e1914e2c214
erp-ui-next/src/domains/approvals/instances/approval-instance.http.ts,5355,ecae9911b702d30efeb62c4269cb6282330db1588064616878a4face75db0605
erp-ui-next/src/domains/approvals/instances/approval-instance.model.ts,4914,16661f7ecb78d224d2f73b9ec8d3b98c760ce55c58e27986b948e7d9647a2816
erp-ui-next/src/domains/approvals/rules/approval-rule-command.contract.test.ts,10318,3196d3d4c4df2cc4978c7d5179ebc835c86fa7b97b5db243af4f9ab455a2b2ee
erp-ui-next/src/domains/approvals/rules/approval-rule-command.contract.ts,23958,3488f92c085b9c10be5fed0992a252f98f24538c8ddbe3f4ac023e66d3d00bef
erp-ui-next/src/domains/approvals/rules/approval-rule-command.http.test.ts,11780,e6ffe0c8822f90936eb7acf589be55732d72d002af2464fc7ca59e6539811ec1
erp-ui-next/src/domains/approvals/rules/approval-rule-command.model.ts,4094,c7935de9df9e58e9faabd06860f4e702f54f2a312e28f74af572c39ba5403407
erp-ui-next/src/domains/approvals/rules/approval-rule.contract.test.ts,9303,b549d6e1430d84b332356113ff6f4486941441a6ad51959663160d7be414f3ef
erp-ui-next/src/domains/approvals/rules/approval-rule.contract.ts,18123,d4a47d18bc89f886c868c5e7bdb3babf5ce9d7f81dec1ea468b437ab7ceeac76
erp-ui-next/src/domains/approvals/rules/approval-rule.gateway.test.ts,6435,ff03a4ebb8bd0ddffcfe45ba6ccbee75a0b8fe65cc9ed7c91ddd9bd0fd3f1200
erp-ui-next/src/domains/approvals/rules/approval-rule.gateway.ts,1611,24145a85f368d730fd8f52596d25e89acecc946c0fff2f74c5422b5550f01625
erp-ui-next/src/domains/approvals/rules/approval-rule.http.test.ts,7052,3dae3abfb733744221dba096d55acd080da2a371d264f604453a98afab1c7d2a
erp-ui-next/src/domains/approvals/rules/approval-rule.http.ts,10227,585717321f2b5580ead4e8851968ec63c3b36984fa3965bb0f750b828a6be10e
erp-ui-next/src/domains/approvals/rules/approval-rule.model.ts,2843,de98fb1bb362daaa06bbc6a9718802683a1806b69095da76f3fd18ff3a4661d9
erp-ui-next/src/domains/approvals/validation/approval-validation-command.contract.test.ts,1394,63a115ca7848dc0d878d4af934093109a12b18558a3b8a6d927631f84918d25a
erp-ui-next/src/domains/approvals/validation/approval-validation-command.contract.ts,931,f17e56a8ee7ae0a30791dc156c4a8990d0fcd78813c13c33d5e09632a536c001
erp-ui-next/src/domains/approvals/validation/approval-validation.contract.test.ts,7886,27ff7a727e0828291c1d992c6bdaf24b13620acc312ac5ef0a315a8aa76cc68b
erp-ui-next/src/domains/approvals/validation/approval-validation.contract.ts,8108,95a54f5c9c41085f4ac5ac91fc6a3cf084efdf875b8ced5c64a494468773f079
erp-ui-next/src/domains/approvals/validation/approval-validation.gateway.test.ts,3153,2b32fc19a39accf617f26ba705423fa172a078968e7a08c0fbcef3d6e96ab3bf
erp-ui-next/src/domains/approvals/validation/approval-validation.gateway.ts,538,5cda8f2c74ab5588b2249d061e2d133b3e2bd0b5764df8f624d6229a6e9a98b9
erp-ui-next/src/domains/approvals/validation/approval-validation.http.test.ts,11423,ca400a1626f8f56ffe17cbf226b95fca042794983c807bd1b622f85cc21eaf8c
erp-ui-next/src/domains/approvals/validation/approval-validation.http.ts,3728,09ea3a39dc5be4d004b2dc377210018a4a75366287388772d885180bdf9cc642
erp-ui-next/src/domains/approvals/validation/approval-validation.model.ts,2781,9ec3adf0de1fe718249dfddea8e69af39b38c21f0d1b9653a5778b9ba985189c
erp-ui-next/src/domains/customers/service-card/service-card.contract.test.ts,5108,5136c10f4321107cb24dd2cac6dd6a8e39e988019acd082aedae48a019f95c0f
erp-ui-next/src/domains/customers/service-card/service-card.contract.ts,5810,26a19c4ba00f80a1436483a16621536369d8ff6571f57666af753a2f2765c57c
erp-ui-next/src/domains/customers/service-card/service-card.gateway.test.ts,1387,823ff4f03546b118180a78cb13a4deeaa642affa07f7e4cce76929baa9b02521
erp-ui-next/src/domains/customers/service-card/service-card.gateway.ts,358,c3647cf9483b712afee8da30c3538282175d4d81ccd2ec1dba1ea244b514a8da
erp-ui-next/src/domains/customers/service-card/service-card.http.test.ts,4371,e94faacb6b20ec4b3003b1409a458fff91627893d6de1dfc49784f96c96fc1b4
erp-ui-next/src/domains/customers/service-card/service-card.http.ts,2290,14f6881d3ae9f9bdd996ff13d2903dee8ef91e3218d78ded07825d9a09ec2e81
erp-ui-next/src/domains/customers/service-card/service-card.model.ts,1279,e076d6f9f31bf5158fabd09a351273a67184821d88e1953d9873fd35581473c4
erp-ui-next/src/domains/inventory/categories/category.contract.test.ts,4391,0aa7bdd6d5b145fb2f34cc1cfc8f2c66e7b43130caf9f9d8d5fb5b2d2c75f249
erp-ui-next/src/domains/inventory/categories/category.contract.ts,6334,0156b9d97219cc5225b894cfe41d85b4285b654c89504cbaa91d37171019c5da
erp-ui-next/src/domains/inventory/categories/category.gateway.test.ts,3107,dea4d1664536dd7bba45cb139a5851c975d18c4639deadf23facd5fd659ff7a9
erp-ui-next/src/domains/inventory/categories/category.gateway.ts,774,cf7988ae704781f8413358ffe7f1afc30fd2d09a640f2bc9464bc1d5da7c668e
erp-ui-next/src/domains/inventory/categories/category.http.test.ts,7650,16906ed5ff19e3b1a18994f592d1bc97eb54c3c6503e8040296889fc6a5d8bb3
erp-ui-next/src/domains/inventory/categories/category.http.ts,3953,56df914392b13af8f06fb2bf0ecbf5f0aa6b328d4a7bddeded9ee3e0a0563c43
erp-ui-next/src/domains/inventory/categories/category.model.ts,596,b3b88331bb2b49cc2a34f6642fb65710c2ccfee84fd65feb4bc5ed5e99a0afa4
erp-ui-next/src/domains/inventory/products/product-command.contract.test.ts,4805,25df2550f4169b940c25197dc96c8f2732a23660cc17bc3e2b8bbf3ecb630b20
erp-ui-next/src/domains/inventory/products/product-command.contract.ts,4686,51345e0cc5d434ccd96fa2a08895265eab8392fedb6ab7a3020bf64d40564da5
erp-ui-next/src/domains/inventory/products/product.contract.test.ts,7011,45330e6bfcfcdf1931e6be7034ff14a16416bbf2036010e2df64814bdccb1be8
erp-ui-next/src/domains/inventory/products/product.contract.ts,7175,b61e6875278de1f0ec00a52d074b278f8f482c14fd6fb0c4ac4caec347e63e14
erp-ui-next/src/domains/inventory/products/product.gateway.test.ts,2684,a60255821baf152e5bc2d501777c626cfeaf138aeaea9f75c03b401cbfa7b275
erp-ui-next/src/domains/inventory/products/product.gateway.ts,1171,8b7d1e338584323f315063165814de472457199fd963df1dd775e27d56ba1516
erp-ui-next/src/domains/inventory/products/product.http.test.ts,17333,311bd892e3e5820104bfd677b024cf0e74ed6cf17052a6c64f15a727fd44ce37
erp-ui-next/src/domains/inventory/products/product.http.ts,5785,c36edaf51d47c4f6fe2c28cb8b8264f7e7e9d39946090a3d4b6ba3250f1a1faf
erp-ui-next/src/domains/inventory/products/product.model.ts,1523,73c99494017d115175c6c8677169094789c430ab012d3c2287125dd0d813369b
erp-ui-next/src/domains/inventory/purchase/purchase-command.contract.test.ts,3438,32a1d33eb00c71880a030e386dbdc08688495989b621192bc92b3c837ae6aea7
erp-ui-next/src/domains/inventory/purchase/purchase-command.contract.ts,19282,4d1a538e9a877d23dae3225a5bf13a833dd05ba7fc681276c8b64576b837dfdd
erp-ui-next/src/domains/inventory/purchase/purchase.contract.test.ts,2416,db4b748800b3788699b23a399c99d06bdc8688466bd5548eb0a5249a361a3108
erp-ui-next/src/domains/inventory/purchase/purchase.contract.ts,6139,fb2a18a79bd8ef82354d751af4d3ef5355fcb08b9f817dfa2d429563e9d36903
erp-ui-next/src/domains/inventory/purchase/purchase.gateway.test.ts,1410,ca901ad38121be8cafd3b4d9771ead24d6d8420d19b53695963174e7d93a63e5
erp-ui-next/src/domains/inventory/purchase/purchase.gateway.ts,2251,72942b78fb4d5db82ab34a38359f6ac5963a6311512669fb285fdcbe7c40df4c
erp-ui-next/src/domains/inventory/purchase/purchase.http.test.ts,5896,6cca0ea38854d8923799f38688efd2a38ca523b002776aa5c38a547ad4bc1aef
erp-ui-next/src/domains/inventory/purchase/purchase.http.ts,16516,971568d2afc885152a7ed45d8bb66676a19863dc486c32ee2782299181cbd914
erp-ui-next/src/domains/inventory/purchase/purchase.model.ts,4795,0622ac3a3eaaf0631c71b0da070a4051cac5d2523bd5770b23ab570b217a5b25
erp-ui-next/src/domains/inventory/purchase-returns/purchase-return.contract.test.ts,4937,97beeab2fad02879cea25ecc3d69b737c9905d11fd6fdd3c31820f2de5a9ec18
erp-ui-next/src/domains/inventory/purchase-returns/purchase-return.contract.ts,14303,39985bd1873bef64d04857922f4e9d7b58b1fa14fa5a0d486e91601aab67809a
erp-ui-next/src/domains/inventory/purchase-returns/purchase-return.gateway.ts,1857,8465359fe648a4362b86e44884ffe1fd8d16ef1471e6f2b4d3f33d584f93686a
erp-ui-next/src/domains/inventory/purchase-returns/purchase-return.http.test.ts,8962,7aa8c31c31dc0d9c342f1d3a0a190c9466e9e4cee8c185ac82f215e4ea526633
erp-ui-next/src/domains/inventory/purchase-returns/purchase-return.http.ts,11953,04b146e22cfbdb5f3f49a1b7800f9f7a0ed48f8ac27830a403af765c454e5bf5
erp-ui-next/src/domains/inventory/purchase-returns/purchase-return.model.ts,2960,f8ff80c79fa08edcb38b3c6ff190c62d5ab9eb93c555f8f3f872fd3d4110d12f
erp-ui-next/src/domains/inventory/report/report.contract.test.ts,6729,20f27902b8e3c34c5496b1a41d7ee10150907e5e336406d300e309f227204416
erp-ui-next/src/domains/inventory/report/report.contract.ts,10119,855b8866b6090255c3ca888892f658d9d4588e1c3d1dae770176141fb7bf3764
erp-ui-next/src/domains/inventory/report/report.gateway.test.ts,2807,138c1455f5817cdce1d028730418d57beef487cfee95454e47de77843fcbf2b8
erp-ui-next/src/domains/inventory/report/report.gateway.ts,679,7025fbe52fe016e1e2755fc47196e9b980ea7f9539c05c9b784893cae1b8e9e8
erp-ui-next/src/domains/inventory/report/report.http.test.ts,9717,05ea710bfc83f9d78fdb3108404cba4d59d972843c420ba8d8c2707ff311fc2f
erp-ui-next/src/domains/inventory/report/report.http.ts,5709,6d23f42ce6a947e26367e72eb1c589b7684e550ad137df8901eaf11375665ad8
erp-ui-next/src/domains/inventory/report/report.model.ts,1999,6095760492230563fcea5a31a14ffac22ef5727a90c9340862b63f10f8ff4dc1
erp-ui-next/src/domains/inventory/stock/stock-command.contract.test.ts,1794,e10f6684540d81ca27d35ec222f2ad8c5a149fed7a602f6ee137545481c68285
erp-ui-next/src/domains/inventory/stock/stock-command.contract.ts,1833,9b3df45bcdd552a348ff2c7325de334790c518b01b43d4bb72165c22a76934c2
erp-ui-next/src/domains/inventory/stock/stock.contract.test.ts,4407,21f9a25bf1c39b2420a3757331d1409508282a57f4a7f6b38c21e7d2e95cf442
erp-ui-next/src/domains/inventory/stock/stock.contract.ts,15133,63adb2e89ddef58d0496c21ae5215b70e5bf72cf06026ca54924645b457066f4
erp-ui-next/src/domains/inventory/stock/stock.gateway.test.ts,4512,4a8393022919fa947b5a4e8ac1345126e37e26634df551598da638eb229c6beb
erp-ui-next/src/domains/inventory/stock/stock.gateway.ts,1149,1c5a7157f63d179080ee37b0dc009b9bfc89b9a17e5ad200e2b50c756a3e2acc
erp-ui-next/src/domains/inventory/stock/stock.http.test.ts,11615,27069db6b1fe9ddebacd075e5f021f5440e05c406528b59ad5361740cc208d7c
erp-ui-next/src/domains/inventory/stock/stock.http.ts,9214,613064794ca18502dbc4717491086b1b6d9ebc24edc80d71fab8ec4d3cf968a4
erp-ui-next/src/domains/inventory/stock/stock.model.ts,3253,a886f26a1f461a62d32782360499c0e9454bbc2d49553d3e4d0beaae4029ef4d
erp-ui-next/src/domains/inventory/stock-check/stock-check-command.contract.test.ts,4391,9e1e466d3c0f9231129f71b3948a53b5d8a68f51c948439b4d0d7e203e8c311e
erp-ui-next/src/domains/inventory/stock-check/stock-check-command.contract.ts,7854,255e7c737a445e7aeeec7ad9fd5a2426ae8fe34bfde8dc18edd6a07a1a4cd3c2
erp-ui-next/src/domains/inventory/stock-check/stock-check.contract.test.ts,5320,936d486370395c230daf60c9480af46809f4794088d67af4677b31e5f52688e7
erp-ui-next/src/domains/inventory/stock-check/stock-check.contract.ts,15564,c63b08d41f6df2f925dfa9e8a8afcb6f7b9955912b47db61aad940d4fca9d766
erp-ui-next/src/domains/inventory/stock-check/stock-check.gateway.test.ts,10565,28dbc617351a57063a0e9f412a47adb81999a9acf16f844de474be377bee6a26
erp-ui-next/src/domains/inventory/stock-check/stock-check.gateway.ts,2030,c36b5fa7182e2b7d6132a06d6e7067cccb3dcee7b6ac38f6a440b632bb5c5551
erp-ui-next/src/domains/inventory/stock-check/stock-check.http.test.ts,13672,758d39eb012c2d19dfe93c2a4591ffae0467bef97c3d8c4c7b5f8fa96f55e07b
erp-ui-next/src/domains/inventory/stock-check/stock-check.http.ts,14791,94ef4cfa9e570a96432680bd2225de02314c616b6d97d9c9bba003fc4d3959c6
erp-ui-next/src/domains/inventory/stock-check/stock-check.model.ts,3997,83903e9cb2986ea3fad8f6eebaee00ed55779e1650b160e369c5e112c5dad581
erp-ui-next/src/domains/inventory/stock-check/stock-check.presentation.ts,1631,5793492ebc46a8f9a9112366f1052bc5365719894442ec09429ebe3c78c16b31
erp-ui-next/src/domains/inventory/suppliers/supplier.contract.test.ts,4956,ce1038391a1686af5085ff2842c8572e2467cd8a24774bf4d8045b4591944f3f
erp-ui-next/src/domains/inventory/suppliers/supplier.contract.ts,7405,de90afda591805e9b3efa57a4494136cee99dad0f554c8f0bc8b221d6f733395
erp-ui-next/src/domains/inventory/suppliers/supplier.gateway.test.ts,3809,d995e767e351178d568a327e32cfdd0153ee9df59419ba7836b2f6c65aa32fd7
erp-ui-next/src/domains/inventory/suppliers/supplier.gateway.ts,1194,031e4f6f58de6e1694e0980fc37b09b24ada2a743bb3855bb688584e21267379
erp-ui-next/src/domains/inventory/suppliers/supplier.http.test.ts,7751,9f189bef85f0b377f51a61f595b38fbb9bd83bea8212d0c3945150f222200c2d
erp-ui-next/src/domains/inventory/suppliers/supplier.http.ts,6897,573581b3894f7d98a37c37f340e3009f7f9347818ff23d7073cc3ea0cbc8fb8a
erp-ui-next/src/domains/inventory/suppliers/supplier.model.ts,1492,dca339609bcade39616431be260c8e910eec02fa1a56b79aec7b0dc865d4a438
erp-ui-next/src/domains/inventory/transfer/transfer-approval.contract.test.ts,1476,7d84302bd709182d0e18beed94cbe84c1375eb2ce4be5ec92a620289da52d3ce
erp-ui-next/src/domains/inventory/transfer/transfer-approval.contract.ts,3083,a0f036520ef3d2759ce6fd99f6602bf316b7bc3ccd7e62ce6da7ec78560b085f
erp-ui-next/src/domains/inventory/transfer/transfer-approval.http.test.ts,9821,8ccf2912c4b67b05354dfb2486c96efcb9d1f06ab16ac81b0408f3eb8cafd7dd
erp-ui-next/src/domains/inventory/transfer/transfer-approval.http.ts,9507,19c9cbb25078cfe4d1ff0d7b4255e9771bc6fe99d6183bd0b5eacbb5e4ba8b86
erp-ui-next/src/domains/inventory/transfer/transfer-catalog.contract.test.ts,3657,98a6ac06e31a43d68ea12c28a2743ff2151ccd8fa5e9e5497f92810636d1327d
erp-ui-next/src/domains/inventory/transfer/transfer-catalog.contract.ts,3861,83ace4681ce6dd6dd3bb74179d70c5f79cfe1a06e7f17065eb0b5bf090b92a5e
erp-ui-next/src/domains/inventory/transfer/transfer-catalog.http.test.ts,4284,5e283ef41f85510b3b6a687830c5398de9ba3f0aa519d6daed1ba9d44188122b
erp-ui-next/src/domains/inventory/transfer/transfer-catalog.http.ts,2523,39bf08ecd64ca1eeaf047f38f81d511779cf503c979acbb5fc979733f3bcd496
erp-ui-next/src/domains/inventory/transfer/transfer-command.contract.test.ts,2031,fa8a3ee5ac3745c2d9a33b993f095b088e87b75baf15288ccbbf32bffaa3cc0f
erp-ui-next/src/domains/inventory/transfer/transfer-command.contract.ts,3925,83f35e89d4c466dd69d0cd132e44a410e20adbdff581cb92f149856f92235f01
erp-ui-next/src/domains/inventory/transfer/transfer-command.http.test.ts,5244,49e07cff63a69724d14ee2a0ec6676732ef9f53314c9fc8e7c9cfb45286eae37
erp-ui-next/src/domains/inventory/transfer/transfer-command.http.ts,5019,d8a7b4bda27cddf2f45488320044d2e28e57496b902147038697d2152351056d
erp-ui-next/src/domains/inventory/transfer/transfer-detail.contract.test.ts,3829,d9a34e49991d037b91e7d8a29c51eb9358256b51eec583bc62adadac61b3aa8b
erp-ui-next/src/domains/inventory/transfer/transfer-detail.contract.ts,5744,b3820700ecce072db9fa1adb0be6b2119ea56689c6126230fcfc722500828d8c
erp-ui-next/src/domains/inventory/transfer/transfer-detail.http.test.ts,3675,c568fb83016b9ff5465413565aedf8afbc033c048008c70d2ff5a880ec5f0f72
erp-ui-next/src/domains/inventory/transfer/transfer-detail.http.ts,1583,5944756528515ae1661e73286f4e860dd518a819cb25489deba4f076f5e7d6a8
erp-ui-next/src/domains/inventory/transfer/transfer-discrepancy-adjudication-draft.contract.test.ts,5251,16c09c59a6eb0fbae1efde0828975a3d91eacd1e6d2572dfb0e559cfce9922ba
erp-ui-next/src/domains/inventory/transfer/transfer-discrepancy-adjudication-draft.contract.ts,4591,23d6b8b25f44328259d5c84fbf2e06bb23fd1bceb8b897b6e52b7eb472e3f15f
erp-ui-next/src/domains/inventory/transfer/transfer-discrepancy-adjudication-submit.test.ts,9813,4d6d0a40d5a07be2ea3f36837a17dda0da13812e4859aba1bd02d3400b233ffd
erp-ui-next/src/domains/inventory/transfer/transfer-discrepancy-adjudication-submit.ts,6320,c7619cd17f207bdcf24da6e8cc5a49f0fcc91571ae73b9d5a52a3f4cf0b95f89
erp-ui-next/src/domains/inventory/transfer/transfer-discrepancy-adjudication-write.contract.test.ts,8357,800ca8a16eb3a262aa210726fc7f96cac87be59debc0a0f176a3dd6411d82fb3
erp-ui-next/src/domains/inventory/transfer/transfer-discrepancy-adjudication-write.contract.ts,6827,66be8b383baab3fa2f12c7c44b21a489b3159f72e70f285f33275f503a25c620
erp-ui-next/src/domains/inventory/transfer/transfer-discrepancy-adjudication.contract.test.ts,6741,241a9efc8519a7b8df79851317651a494cced617640a1a537406b0f0151a629d
erp-ui-next/src/domains/inventory/transfer/transfer-discrepancy-adjudication.contract.ts,12531,f741a87152bccf2d59dbffa8153e79a0901b6f2af4e314175808c8163b23236b
erp-ui-next/src/domains/inventory/transfer/transfer-discrepancy-adjudication.http.test.ts,10743,0205fad79f8b38f329094340276f6467ed5587c8e12dd3f61deff2f9dc479958
erp-ui-next/src/domains/inventory/transfer/transfer-discrepancy-adjudication.http.ts,5651,964a447747124d076cf8eee22330759a1501f56e0d727dde4b92f8927a47579a
erp-ui-next/src/domains/inventory/transfer/transfer-draft-planning.contract.test.ts,3964,40ba733358b8e2783c13ac13cb32220acdb70e15a09cc3f3e28eadda932a68b6
erp-ui-next/src/domains/inventory/transfer/transfer-draft-planning.contract.ts,9849,c9007c366c6798fe267c9132efb7509bc9d54fc963142e0e468244d7eaadc17f
erp-ui-next/src/domains/inventory/transfer/transfer-draft-planning.http.test.ts,4983,932b0edd7011d82da7e044b33d0713405a2bb43c6a4ac8def5c004ac60db7412
erp-ui-next/src/domains/inventory/transfer/transfer-draft-planning.http.ts,3280,bc83df1da0d7488cf5b57d0eef20eb070f98166ddf0cdb18cb60dc392a83ada3
erp-ui-next/src/domains/inventory/transfer/transfer-export.http.test.ts,6887,d8fedea763dff7b189744320614c0fbb2ebd0e990496cca2463c60b4fc57a13d
erp-ui-next/src/domains/inventory/transfer/transfer-export.http.ts,3112,afa753dee371766c2f2e779b42667a318d48b958e7d8f35840e11f63f4edd13b
erp-ui-next/src/domains/inventory/transfer/transfer-receipt.contract.test.ts,8354,2c9c4ce11baa782c1562a8c8a2b57154397fb1e0a9ad82143e38dcd30cc2881f
erp-ui-next/src/domains/inventory/transfer/transfer-receipt.contract.ts,22555,7650ee2b4e134c719b1ee9563b82fdde23837cbc7f3edfcbe61b0c959ff93f16
erp-ui-next/src/domains/inventory/transfer/transfer-receipt.http.test.ts,8328,41ac400e0c4528de01e485ead5bb232beb7350ca030c6e756cdefa3ddf1f65ec
erp-ui-next/src/domains/inventory/transfer/transfer-receipt.http.ts,5495,13bdbab4c7ab3407b316d9a32a874704a9dc7c7aed8877499c01d8a05520bdb4
erp-ui-next/src/domains/inventory/transfer/transfer-revision.contract.ts,4900,06e13b71d4888e1a2f3f38c51a64723e0c27bcc0ce745b0abc9415ed37bd49ec
erp-ui-next/src/domains/inventory/transfer/transfer-revision.diff.test.ts,1870,4f166406ef116e28d4f6df94870c48dd28fd80abe2b06f06377e4a29cb796198
erp-ui-next/src/domains/inventory/transfer/transfer-revision.diff.ts,5973,c4db530cb9ca351186beb9474d2c786dc7cbd0c069eccaa44e80da206d15b2e2
erp-ui-next/src/domains/inventory/transfer/transfer-revision.http.test.ts,4346,dd57ce0b6b550ebebfffc38dec7d4752024c5e53d07053f066a7a5d40dc4bbd1
erp-ui-next/src/domains/inventory/transfer/transfer-revision.http.ts,1689,14cca77dbcd12e769a3169bbd60db678e48675d7c77cd2489733506ef894a9a6
erp-ui-next/src/domains/inventory/transfer/transfer-shipment.contract.test.ts,7397,278bb9d8fc162aaa1806529cbb65637525349ff8611715e18444c66e982911c6
erp-ui-next/src/domains/inventory/transfer/transfer-shipment.contract.ts,12927,61d9c79fa920af569f3b28e74e73edd49befa72fa9bb8c4e6f009e69d5b81317
erp-ui-next/src/domains/inventory/transfer/transfer-shipment.http.test.ts,7164,d9efc0fcbb11e1c50c90aaa94d62795b3f91e31e27f71901b8ba437b287d2050
erp-ui-next/src/domains/inventory/transfer/transfer-shipment.http.ts,3067,f908aad76670009d57ea850b9be456b58aa39b29a22cc61995487e1756468d88
erp-ui-next/src/domains/inventory/transfer/transfer-workbench.contract.test.ts,4633,7ff7cf1f0ed46af8a46624586c0176574fbabb88fa663bd60ad246b4ff41c375
erp-ui-next/src/domains/inventory/transfer/transfer-workbench.contract.ts,9659,52745ba081d9ee798f2be79c86f98c79457304cf5e6a8d44c869c315df20f20e
erp-ui-next/src/domains/inventory/transfer/transfer-workbench.http.test.ts,7137,652d25bb0891075aa27d13a4d368233d4468ed3623d64cdee3304ca254cfb8b5
erp-ui-next/src/domains/inventory/transfer/transfer-workbench.http.ts,3290,aea4ac1626fd219fa4adc1d284cad9b8d38b22154e077c29540ed7b09727dd20
erp-ui-next/src/domains/inventory/transfer/transfer-workbench.preferences.ts,1908,a37d4a5b25b46d1b190a648dc4c2506281878adb53e6106192645d898077af3a
erp-ui-next/src/domains/inventory/transfer/transfer.gateway.ts,3237,93ad2343bb9ae0c5783b21d6fa3b8653a76ad0041cb32b0c8609911222e2ef58
erp-ui-next/src/domains/inventory/transfer/transfer.model.ts,3822,a3b6a6b99efc767a481744f60707f8eb8001289b54354ae81d7330ad4af8270b
erp-ui-next/src/domains/messages/message.contract.test.ts,1547,839b65d603c9cbecb52d1125d2a9f7441df8d5dbd3e0b70cc60392a3c69529a6
erp-ui-next/src/domains/messages/message.contract.ts,2120,1e4e7cc17aee85aba7d3e87aad6454b4727bb4a2b545b3b2ccd02de968eb9dce
erp-ui-next/src/domains/messages/message.gateway.test.ts,2069,e749725b1a0016cfb76cff8a51f9dd65126722378b33c444b622b61197d43cb6
erp-ui-next/src/domains/messages/message.gateway.ts,1294,ddf7c235a829a79fbd9ceef89abb12fbef1da0ab2dd10cea6a1ce64a20772784
erp-ui-next/src/domains/messages/message.http.test.ts,3200,852cf336385bad0fcc265049ccd15b0cdebd2de2577fe8c9493b5b41b52b02aa
erp-ui-next/src/domains/messages/message.http.ts,1279,db146abf4a4bcf968a3afe1e2de652643f18e72e2f5648f5155c1e35956f346f
erp-ui-next/src/domains/messages/message.model.ts,573,a439db28ca9614265c3e0a2def7c94809c057b3783695ba0c543f95e6abb152c
erp-ui-next/src/domains/oa/purchases/oa-purchase.contract.test.ts,4449,937b6d2658e44db12d164b0ad9b300349e1138203ca3c7c03fd45350c87457e4
erp-ui-next/src/domains/oa/purchases/oa-purchase.contract.ts,4533,38e427ae01ee234409b7fed0d62ca35d8263cfa0458928a5dd182a3e2b415c07
erp-ui-next/src/domains/oa/purchases/oa-purchase.gateway.test.ts,2094,6bb60ca517233e6a4edac071076fe31dfa3cb2c49768fcfcd15a2e57a8dcfcf6
erp-ui-next/src/domains/oa/purchases/oa-purchase.gateway.ts,313,d430214c22bf0a2a8bbd7ce9b139a59f7a85fc04b4a6b236d276311b02503cce
erp-ui-next/src/domains/oa/purchases/oa-purchase.http.test.ts,5101,0581aebefa4c9e58bf9195fd3ccfaca7aa05a3312a22231771296ffd73e1b42a
erp-ui-next/src/domains/oa/purchases/oa-purchase.http.ts,1721,4ff9d6182b86c0e1e658e69df0bbc349fa14d60bcaf5fd14d0c7eaa4a6bbcf40
erp-ui-next/src/domains/oa/purchases/oa-purchase.model.ts,1284,c8ad7c45c17d03c23f284ab7d560158a901ed40671a0f42b83a74d25dd4fa1da
erp-ui-next/src/domains/sales/delivery-notices/delivery-notice.contract.test.ts,4779,444f8b7a9a88dd4fb3f64cf95fb866b853fec202d5149c55b69d5d4a1c08487e
erp-ui-next/src/domains/sales/delivery-notices/delivery-notice.contract.ts,3561,014a5ea61bc2bbe862b9638263162032eafea82d1f4ac1246dbaf53de1dc147f
erp-ui-next/src/domains/sales/delivery-notices/delivery-notice.gateway.test.ts,2060,de1f599903052a905a41f4c402f0d477c919eb6cee1523579b161731f2dfca18
erp-ui-next/src/domains/sales/delivery-notices/delivery-notice.gateway.ts,371,7b46d579dbb2f8b37c9fbe8cb1b244a9fa8fe94f53b2e51e0ebb3f3de81e8437
erp-ui-next/src/domains/sales/delivery-notices/delivery-notice.http.test.ts,6284,79668d0967865ab775c58862728d8712bdc8be4001d75968420fa4a95a4a4cfb
erp-ui-next/src/domains/sales/delivery-notices/delivery-notice.http.ts,2216,692d6ec563a00f7aef167484b298755d96cb9f664ec33b6789fdb2a609e84a95
erp-ui-next/src/domains/sales/delivery-notices/delivery-notice.model.ts,1275,8a0f19799773f683ac0b65741a88a77de5ee7dba4c2bbec953dc3dc3cc8ac739
erp-ui-next/src/domains/sales/orders/sales-order.contract.test.ts,5139,2208263b2236098ae9c8fdc0bf6ea49daded6b72724bcb15dcada998f100ca31
erp-ui-next/src/domains/sales/orders/sales-order.contract.ts,4598,c83554d7372728b7df013b77d80f6cb4ac72e67680eb1e51d7b1430804a4f16e
erp-ui-next/src/domains/sales/orders/sales-order.gateway.test.ts,1404,3933315f8ded7c4d71a0fd4e5385e7021a41d3cc6fc76b1abdbc728841d4041b
erp-ui-next/src/domains/sales/orders/sales-order.gateway.ts,297,b7a28808a065dffc853d75c82e6c5cb59ba2e82aa0a7743b456fafe2f4e978ef
erp-ui-next/src/domains/sales/orders/sales-order.http.test.ts,4598,226f48b745f41734086ee88563458e9649c2b6400c74dafd3ae4ed8a1867d1b7
erp-ui-next/src/domains/sales/orders/sales-order.http.ts,1889,9d477c85a6d52f7e4f319a37d977014f65c926501d823b0c77dbfc4423f017ae
erp-ui-next/src/domains/sales/orders/sales-order.model.ts,1181,5b0e5112ea21c7fabd4e180095806944990edc419aee7af51276c44672855420
erp-ui-next/src/domains/sales/returns/sales-return.contract.test.ts,4966,94c2b10d6b079eeb90872663621668f87a232515a763aaef9e657a51d3f0370b
erp-ui-next/src/domains/sales/returns/sales-return.contract.ts,4355,51e8ad5477098611b5d12c9031f7d61856716f330d8a4f47637f77ae4273e7e0
erp-ui-next/src/domains/sales/returns/sales-return.gateway.test.ts,1419,beaa3f207d531e5aef00958d7195b26a6834d7fcb8ea15fac0938c60650ab250
erp-ui-next/src/domains/sales/returns/sales-return.gateway.ts,317,a5ccbea5f7fea3645157c426917458feb1341b8a8e30c289b30fa27416c8e037
erp-ui-next/src/domains/sales/returns/sales-return.http.test.ts,4646,3a79e4712eb57fad30cce45d714df0ab09577d069d3608135e532d98a768bd64
erp-ui-next/src/domains/sales/returns/sales-return.http.ts,1772,cb58fbcc47472b0f4f32b8a35c8e3e83129034e3733246878b8c6f2e0def77b0
erp-ui-next/src/domains/sales/returns/sales-return.model.ts,1163,457cf826253133f3d9b7d2bb1ce711f071ebce3cda0150879358719547c81aeb
erp-ui-next/src/domains/todos/todo.aggregate.test.ts,2386,f88c9107b88f36c73c2a4c55a94c02ce10e89333fe1b532bfa5bb9e5ffc96a99
erp-ui-next/src/domains/todos/todo.aggregate.ts,3005,2cae3b0af5037219665ffb0035d1613609b8dbea4aa4f1b8362acc3577c015e4
erp-ui-next/src/domains/todos/todo.contract.test.ts,2908,184fd59cb05e68adbb41735170840e90bc3abd59f1d521f4b8ad62cbc05db8d7
erp-ui-next/src/domains/todos/todo.contract.ts,7242,772cb66f2dfef7a344231c98a624d6a33dd3ab71ee16d2a51db95533b10026c6
erp-ui-next/src/domains/todos/todo.gateway.ts,284,ccf844409a5f4d42cea5c5c336a71d9a61251fc6bc266f9493a77cf3c5fb545c
erp-ui-next/src/domains/todos/todo.http.test.ts,11536,4e830236870630afbd43554598b88c615120fdf8d625917294ad64b7e25157dc
erp-ui-next/src/domains/todos/todo.http.ts,10873,30d3b71ebcfad8e3b51478c0d455df433e6fd000430989a6484075aef28c27b9
erp-ui-next/src/domains/todos/todo.model.ts,2984,26068ac1cd12726cc4fb2ec9f7d6600af7d60b2c438da5001bc38bb4d2bad686
erp-ui-next/src/domains/todos/todo.target.test.ts,2200,942362f12c9dada1453f13bd951576c7537c2ed76ef30b8fc41193dc104d34b1
erp-ui-next/src/domains/todos/todo.target.ts,3733,a61e53ad913e0a0b64ae0c6442c0f3c8cd9874e9da233e32d7f78107481fa016
erp-ui-next/src/domains/workbench/workbench.gateway.ts,161,ca71cf536893bf85d6c66b2264780d2d3b1d20bd866d4f2c6a9b69bf5759859c
erp-ui-next/src/domains/workbench/workbench.model.ts,671,72e0ddaaf2c573ce3159a4c95e748fe93d2741aa527f24a594efca68345d950e
erp-ui-next/src/pages/account/AccountAccessShell.vue,3980,9e17ad6c35eb1279b68aa3cada287b235b69c6d368bfba8c2f3bfafbd326d00c
erp-ui-next/src/pages/account/AccountAdmissionPages.test.ts,6759,432ee4b5ac753af3731c0535463a40160d0d853834c83531b2855e2e78c26161
erp-ui-next/src/pages/account/AccountCenterPage.test.ts,2435,c88f244a819275a53c9bafe907d90d2738ffdf6e799966c8a537fe26c2248077
erp-ui-next/src/pages/account/AccountCenterPage.vue,18513,8065a0cd038d0a3eff1e8632ddd246e0e90b267e2a99029f1cfad8590b615e54
erp-ui-next/src/pages/account/AccountPasswordPanel.test.ts,2572,e565821ae8df3c03f7b476e411e57c2fffa048fb469f3784600db9233e7a02fb
erp-ui-next/src/pages/account/AccountPasswordPanel.vue,7088,c63b8ebcc7ff2ece0096ef209b76ad818f0c66446ee56a1b337af824694f3d63
erp-ui-next/src/pages/account/CredentialChangePage.vue,6628,af6ae5d9d3962b018e3ef1a7323fb3519dbe8ae29d661d59690e46f1a94c3b71
erp-ui-next/src/pages/account/ProfileCompletionPage.vue,22573,8a13991d6dcb63471a86e9025c5cca262d109d4aab762bf8165b6886465dffb1
erp-ui-next/src/pages/approvals/definitions/ApprovalDefinitionWorkbenchPage.test.ts,4008,b26b56fad1b73ab0aa7230d4f8d1a678366c3f32d9fdc13227bdcc0c3a1ac7d5
erp-ui-next/src/pages/approvals/definitions/ApprovalDefinitionWorkbenchPage.vue,20373,c92f37bff0e73c0c8e20d8f9f9e2272d53d4f90abe4bce8f0b0aae05b8547634
erp-ui-next/src/pages/approvals/instances/ApprovalAdminActionDialog.test.ts,5277,5ab29da45b545ac190fe6ae5754913cf248bcbcd25cd43a2c7ea2239876738d1
erp-ui-next/src/pages/approvals/instances/ApprovalAdminActionDialog.vue,15299,cd151ab0fc161b397bdc1661536a8ae70b738d21fa014520f40b987506a09871
erp-ui-next/src/pages/approvals/instances/ApprovalInstanceDetailPanel.test.ts,2674,97a6d38a1933e620f7a83c7d0d8671a9e1b50ad8146e48c1aec6dd60c1a04869
erp-ui-next/src/pages/approvals/instances/ApprovalInstanceDetailPanel.vue,15529,9f44bac941704cd889d3893ee0ab1bc432db1680462a4f73b9b5b0c630a5c606
erp-ui-next/src/pages/approvals/instances/ApprovalInstanceWorkbenchPage.test.ts,6654,47cbbd0daae8c4af9c4a7422023ed9b6dbe1c3688f097d2e6ba31262f93bfe62
erp-ui-next/src/pages/approvals/instances/ApprovalInstanceWorkbenchPage.vue,30728,0ec61a2f58f33ce721263647986efa80ca28e1ade5292e77e31ea32d0738b969
erp-ui-next/src/pages/approvals/rules/ApprovalRuleAuditPage.test.ts,5941,ee138b583b312f44d1b04e8962aad0f46eb11ad6512dd6e3e6e0bdaf910d1144
erp-ui-next/src/pages/approvals/rules/ApprovalRuleAuditPage.vue,41357,3706612fac6e427c5ed85ed7433c320903a16c148432e3a1c7a180983fb01ec6
erp-ui-next/src/pages/approvals/rules/ApprovalRuleEditorPanel.test.ts,8145,6cc1c2a86f70b03556ea59a411cb8c9c0d833c80a9fb25922d51e173417d2348
erp-ui-next/src/pages/approvals/rules/ApprovalRuleEditorPanel.vue,47654,2478b330ae562bcac0d16204a81f4873f680c1dd5861293c18208c5b2572aa57
erp-ui-next/src/pages/approvals/validation/ApprovalValidationRunDialog.test.ts,2845,2f30076859c54ff1dcb008edfde3e9f052910d9cccd83c3d646aa2faf555ad80
erp-ui-next/src/pages/approvals/validation/ApprovalValidationRunDialog.vue,10988,43e8dfcbaa8cf8f7deca7f324a99e586c7cb2dc4e36e23b28467f4a2609c601b
erp-ui-next/src/pages/approvals/validation/ApprovalValidationWorkbenchPage.test.ts,9959,8a01295e7adf0cf7de892186365ad2887d17affb0e35d427f24b54342fabb87e
erp-ui-next/src/pages/approvals/validation/ApprovalValidationWorkbenchPage.vue,31772,cd339cc6991bf887851bea994e1c5985e70ab13f82b681a3cced2b3934f7e9cf
erp-ui-next/src/pages/auth/LoginPage.test.ts,4758,a3a51b196a7b294dda38481263a8de56ae07f19b94601ed50359d5b26da54077
erp-ui-next/src/pages/auth/LoginPage.vue,19863,a1560e70069f025b4380da165063a9a37d9ab080cbdfcdd1d35db8a3439e5336
erp-ui-next/src/pages/customers/service-card/CustomerServiceCardPage.test.ts,3548,da5b842c6abe7d7e490c961aa687b71aaf4c4363cdc614d42c744c0c52def871
erp-ui-next/src/pages/customers/service-card/CustomerServiceCardPage.vue,20035,43da276738bc0fabf47313906cb3f2368e27a60c72a8198f89c5e15b74904d50
erp-ui-next/src/pages/inventory/categories/CategoryEditorDialog.test.ts,3422,3365a52ba3295406ac4d3e5cf4ce0cbcad80b6b2d345edadee79aa590fb26dbf
erp-ui-next/src/pages/inventory/categories/CategoryEditorDialog.vue,13677,e60f977400ae0efd815230367e756799a00cbbaf99f1a678a6181e27cf48c695
erp-ui-next/src/pages/inventory/categories/CategoryWorkbenchPage.test.ts,6043,d1a718f2975bb0177190acc9eb2a2e92500136a8f403cef576f6084a8272c88b
erp-ui-next/src/pages/inventory/categories/CategoryWorkbenchPage.vue,29073,612691c323f0217ae3ac6ec7da3784187daa95c60917e155565da7e0476f1e2d
erp-ui-next/src/pages/inventory/products/ProductCatalogPage.test.ts,6255,02f5ddba65e890d63605da698060c1fb037fec4b8a48afc752c90b8bb6c93a5c
erp-ui-next/src/pages/inventory/products/ProductCatalogPage.vue,30302,fe0039ee046c9a76e63a2fd51b5db5b83cb1354eb78f2665bf0d0cf02e9fc724
erp-ui-next/src/pages/inventory/products/ProductDetailPage.test.ts,6122,32a805ecd87f8ce420d9cbeb0a18d29bf9d13dde6adffa0e34278a765ec7f6f7
erp-ui-next/src/pages/inventory/products/ProductDetailPage.vue,21972,7ed701eccaa7105a852a0173ea5c19ff1f8d415218b9f141f0792d0265402797
erp-ui-next/src/pages/inventory/products/ProductEditorPage.test.ts,7690,4aa2a26f40e58b66cd86a8da18a867577dac0255664e437960c3785822d105cd
erp-ui-next/src/pages/inventory/products/ProductEditorPage.vue,30003,9225d907c902f35d72aad805828e4c96d340ef701fa95b1105a8ff1164e514f1
erp-ui-next/src/pages/inventory/purchase/PurchaseConfirmationDialog.test.ts,1515,452409fe310b32cbfe23374f616e00f6de2995025ebadbb50aa07628f591a050
erp-ui-next/src/pages/inventory/purchase/PurchaseConfirmationDialog.vue,5093,bb82a0abb4fa86923730d91c6f6f2324a4ada24104d754a051911b7231ef215c
erp-ui-next/src/pages/inventory/purchase/PurchaseDetailPage.test.ts,3072,3f4fca6abc50cd57f764517d1033ac241a79ff168dc602261ce23eeab9ac4158
erp-ui-next/src/pages/inventory/purchase/PurchaseDetailPage.vue,23237,586255ff19bcb7c5691564bddd5de1df5a4ed8db32732d3c9a55762c3c533a28
erp-ui-next/src/pages/inventory/purchase/PurchaseEditorPage.test.ts,4628,4f506d9d1ddb753ae530b0a4f281071efd6d83d7e50f2e84543c335070acf2f6
erp-ui-next/src/pages/inventory/purchase/PurchaseEditorPage.vue,23234,5dab6de84313187ebcd3c632e0795b43c2bdb12895fb03fb9005b9ab4cb763c4
erp-ui-next/src/pages/inventory/purchase/PurchaseQualityCheckPage.test.ts,3727,ea8872f21f5bc68a783045ad6c1f66087b3274214eda2744fa2c1519a1a449a4
erp-ui-next/src/pages/inventory/purchase/PurchaseQualityCheckPage.vue,22827,964f1f2ce28f88beed431ff257f939fc93c8d031f60d540933d25429bfbe3394
erp-ui-next/src/pages/inventory/purchase/PurchaseReceivePage.test.ts,3227,03a9a03688b1935e75e47e80f1ec40e60b2dc532dd95f5393a4a2f8f313e44b2
erp-ui-next/src/pages/inventory/purchase/PurchaseReceivePage.vue,16282,e79bd30a4f53e9640f2eb4bdfa3d1530a60a0f722f137b70ca23f272e9c7a61e
erp-ui-next/src/pages/inventory/purchase/PurchaseWorkbenchPage.test.ts,4253,8edf4174e90192684297b2703d3fd271cfcaa2a3b007df980fc6990e245dff08
erp-ui-next/src/pages/inventory/purchase/PurchaseWorkbenchPage.vue,26441,ebcc9641b115f3bf7b3032f770adf9ca88ba646432e3403b81f65099abb2cf6e
erp-ui-next/src/pages/inventory/purchase-returns/PurchaseReturnDetailPage.test.ts,3094,6f90f3e0f5f3b1e70e91a1460058a91162caff783566ca0d859cbebecda05cc2
erp-ui-next/src/pages/inventory/purchase-returns/PurchaseReturnDetailPage.vue,21553,0cbbca8fe46652669b5374d9c35fd09f3345f4664d590f009449c09dc9383ea2
erp-ui-next/src/pages/inventory/purchase-returns/PurchaseReturnEditorPage.test.ts,5853,2576f4219143f18e743a4df070425d0a12fb00e25b1fab2c63466c2534ae31d5
erp-ui-next/src/pages/inventory/purchase-returns/PurchaseReturnEditorPage.vue,36338,1ba26392a507caab70bc400a4fdac5eba1af84779f17b4212181631064f7537f
erp-ui-next/src/pages/inventory/purchase-returns/PurchaseReturnWorkbenchPage.test.ts,4653,25c448a5b880c771ea2b44971f62c304c6706233e237d264c2ece5add6828816
erp-ui-next/src/pages/inventory/purchase-returns/PurchaseReturnWorkbenchPage.vue,28825,ddcc7415985a370a1f7a93235b52394496d74bd437bc7c6cad905eaec8d8f708
erp-ui-next/src/pages/inventory/report/InventoryReportPage.test.ts,8494,6c5127de9c0e1fea5e4ca2c9c4ed83c717ba64223de262dadd910d7d37c1e4db
erp-ui-next/src/pages/inventory/report/InventoryReportPage.vue,40547,9b4d8c16ecf77c983f7282603c8f75e674985bced2361266426133664ee6df25
erp-ui-next/src/pages/inventory/stock/StockDetailPage.test.ts,5650,0f0bf0a45381a0182e4aed7708db29d27f8741c1feee81cd36192bde3b91794a
erp-ui-next/src/pages/inventory/stock/StockDetailPage.vue,26633,3bd202dbd386e7e46caff1b1758461146c96f529463f962f897a52322ef0d89c
erp-ui-next/src/pages/inventory/stock/StockMovementWorkbenchPage.test.ts,4097,83cfa1ddf82ff43291dbb6536876b04258948eef69dba71baaeb60d36521421f
erp-ui-next/src/pages/inventory/stock/StockMovementWorkbenchPage.vue,28939,5854742dfbaa905a57263d3ba12cdc7ba4bc469c4545d1388a3af2e4fc32892e
erp-ui-next/src/pages/inventory/stock/StockWorkbenchPage.test.ts,4109,6ebc339640f706c21f73dc59283f522a0876e44c10e3ce6a7fc3f9b0cacb0096
erp-ui-next/src/pages/inventory/stock/StockWorkbenchPage.vue,27290,086d1d9a08e8a134fdf9b114c248485a90298b657aea603b1619e7c126ed7167
erp-ui-next/src/pages/inventory/stock-check/StockCheckCreatePage.test.ts,4260,2e4d434e4c8facda491fa7632c50e41c2e338e7a91877c5293361b924a7d0676
erp-ui-next/src/pages/inventory/stock-check/StockCheckCreatePage.vue,36304,50982ca01c03f810357b83038d61c754082f048634c11c2df22b0a1c7d65c824
erp-ui-next/src/pages/inventory/stock-check/StockCheckDetailPage.test.ts,8158,93ce555b9e1c46d24953aeeeb2c435f27a9b4c6f4fff9e0aa9080acb89e55f5b
erp-ui-next/src/pages/inventory/stock-check/StockCheckDetailPage.vue,52310,3475ab6caca24d21d45a9fd70d81e2f40c6f448450944b81132429a24dc0f04d
erp-ui-next/src/pages/inventory/stock-check/StockCheckWorkbenchPage.test.ts,7504,95a4c472595d49c01b747fd2f46c9d6d779acb77216a1c9cbc734c20864ed95a
erp-ui-next/src/pages/inventory/stock-check/StockCheckWorkbenchPage.vue,26925,22e6589be63a357a5e2e205cdf5a54f26ec42becfc63ae378d19feb9391abc4c
erp-ui-next/src/pages/inventory/suppliers/SupplierDetailDialog.vue,11437,3a2a74cab5f5edf62acc49ebcd5ed9adf7b03435b1812a2068069897fbc69b5d
erp-ui-next/src/pages/inventory/suppliers/SupplierEditorDialog.test.ts,3241,9d31a8c058bec1f061c59916282f1628abe7273d078f59ae36fe85005a740643
erp-ui-next/src/pages/inventory/suppliers/SupplierEditorDialog.vue,14798,13eca8795ac02d4716cfccda1322276ea199d19e90feb5c638ba25773044179b
erp-ui-next/src/pages/inventory/suppliers/SupplierWorkbenchPage.test.ts,6590,f270cdac2d2e9baff83fc1304904360159c278c3ee6354b0db15f0dbb7ef7d92
erp-ui-next/src/pages/inventory/suppliers/SupplierWorkbenchPage.vue,36610,f2473528dc5d65b56e9c61b9f3972034ffd1e43d02eb774139daaa0427c35130
erp-ui-next/src/pages/inventory/transfer/NewTransferPage.test.ts,17121,3a99a7c2b3c043dc14d0e3aeef9c10f15b665151472722347165acfea3675cfc
erp-ui-next/src/pages/inventory/transfer/NewTransferPage.vue,47785,1da1187e0b1c55ec6c29b842052ff813f8a831591fce0f68343d52d0524bfeb4
erp-ui-next/src/pages/inventory/transfer/ReceivingPage.test.ts,7062,666ad5704d8afc99b62235eece584dde9b32c7af417e337b50cf5f3b315bdc39
erp-ui-next/src/pages/inventory/transfer/ReceivingPage.vue,34052,d7313da388eb67355ba9d1de85714f317a457e966beda16b55668ecc3fd5bd2d
erp-ui-next/src/pages/inventory/transfer/TransferApprovalPage.test.ts,5573,e11e1075f6915301bcc960c6e2cfed5b86a010709166db4659d49a7efdfc60dc
erp-ui-next/src/pages/inventory/transfer/TransferApprovalPage.vue,27093,f536b0cab5b6d0de177cfc913770f3c7fa281ce94efb79e80a1469c74725dffc
erp-ui-next/src/pages/inventory/transfer/TransferDetailPage.test.ts,2563,4ba23e4fe817e228bcea9cdf7b77e49c82499aaf2d9f7472d8ec382268c9b941
erp-ui-next/src/pages/inventory/transfer/TransferDetailPage.vue,11526,d9147ae50153ad72a62ecec0ed70ef5020296e6fe59138664e9249ce53835930
erp-ui-next/src/pages/inventory/transfer/TransferDiscrepancyAdjudicationDraftPanel.vue,18113,eeaa9c79e5072fff4676b664b8eb29591e0243e3bb41fd26904dceae0c0a3c2b
erp-ui-next/src/pages/inventory/transfer/TransferDiscrepancyAdjudicationPage.test.ts,14960,f9fbea5f15d0261a79ee9699fd0dc4edd2f53c80762adbb8879e3e382e2380fd
erp-ui-next/src/pages/inventory/transfer/TransferDiscrepancyAdjudicationPage.vue,28997,1cebdb57fee2c164d47dfb5fb44cf1c155b55555fdb3c632f492361fb0c2d0e9
erp-ui-next/src/pages/inventory/transfer/TransferRevisionHistoryPage.test.ts,1829,08bfcaca1214f51aa64a13bb8648d15b53bea5ce3a4737b779502aa8c70b385c
erp-ui-next/src/pages/inventory/transfer/TransferRevisionHistoryPage.vue,23762,2dada8a3b576db9e3db974256d6e914c5e427cf5fe5125fb858206b1424e5646
erp-ui-next/src/pages/inventory/transfer/TransferShipmentPlanningPage.test.ts,4821,23c02b7b8da09b28f7a22135286a0aadf595e03568d89b2c6702c3e198f555d7
erp-ui-next/src/pages/inventory/transfer/TransferShipmentPlanningPage.vue,25746,580ccc279d311ecb2195db7ec93123d3e43fa2b4f4cd69076290f607d18d2199
erp-ui-next/src/pages/inventory/transfer/TransferWorkbenchPage.test.ts,9878,bd18bde910be5b402c321145c7589d57208101b80b181987a6a9d42d184c0565
erp-ui-next/src/pages/inventory/transfer/TransferWorkbenchPage.vue,36679,1c3d816444a73fda9fdbf2a24a152058e27bea28acf00a6be219a702a04263da
erp-ui-next/src/pages/messages/MessagesPage.test.ts,3653,2bd3b2d712dd0ff523f1889b7e1b8301500ced828aa9b2d0da5deb806f57c111
erp-ui-next/src/pages/messages/MessagesPage.vue,11604,88932fe89416232b930483939c2887cad1a7406db28a29cf93ffbd886866f6cf
erp-ui-next/src/pages/oa/purchases/OaPurchaseWorkbenchPage.test.ts,4295,a757406efc82b79103a8d612ab114c57861643ed3c14d56c246005d2bf5980fc
erp-ui-next/src/pages/oa/purchases/OaPurchaseWorkbenchPage.vue,20041,338ff354a41de36acae2bed8cceea9f8854c90b59c6ba31f56fa75e0b98289a5
erp-ui-next/src/pages/sales/delivery-notices/DeliveryNoticeWorkbenchPage.test.ts,4284,5279f86f40c805f7936d85bd700815b6c4ad3ad06c8546d1bbcd0fe4ac1f4506
erp-ui-next/src/pages/sales/delivery-notices/DeliveryNoticeWorkbenchPage.vue,19458,25b5c017ad584ac31fc2fdb4327642278893e4c939a869ef1448fe7ac5ab042a
erp-ui-next/src/pages/sales/orders/SalesOrderWorkbenchPage.test.ts,3571,7327b407d20e5ab3209f38c5e7e81b8814983b0d2f2e1503f5cd4811660da970
erp-ui-next/src/pages/sales/orders/SalesOrderWorkbenchPage.vue,19922,b40fd617e7abad6272ce5c9ad05c60b2d22c7f8ca16e5139c2d950bef51c1fcd
erp-ui-next/src/pages/sales/returns/SalesReturnWorkbenchPage.test.ts,3574,ac54fe476c61688de985758e3d2b64b86bb4b9c8cc4113bb1437473e47d93151
erp-ui-next/src/pages/sales/returns/SalesReturnWorkbenchPage.vue,19252,ac9170c778320b2173849ee84abe3f19103f2a6ede67e3d66f2743860db1396e
erp-ui-next/src/pages/system/AccessDeniedPage.vue,1415,5543429cb2da5f4c6777fe9a94bff1a2eb73900f9de27c3e10b7a399a39d7763
erp-ui-next/src/pages/system/NotFoundPage.vue,1060,8a813b52dc4aca6152171813597ec4200017499efd20726be5b73daae317df85
erp-ui-next/src/pages/system/SessionUnavailablePage.vue,1948,d6adb05af9abd5b832cc85b78d35bf8ff35be6e63f67f72be965e2d99d724044
erp-ui-next/src/pages/tasks/MobileTasksPage.test.ts,6378,ef3584d52cbafa24c721bd27608e7d08ccabc2d00380ee80e322633b9a1821ed
erp-ui-next/src/pages/tasks/MobileTasksPage.vue,23567,0342abb93dd9841176ff27605090806a6ffc0057ad0e0bbb78bdbcbd3e381427
erp-ui-next/src/pages/workbench/WorkbenchPage.test.ts,1811,6f1d3ef25dd7c13037f17bc5f9c258783e421b4846a47606e707f9d5f7153153
erp-ui-next/src/pages/workbench/WorkbenchPage.vue,9106,cd92bbb756c69942a91492833dca01e0063f5113f86a8fde198e5ee67dd62006
erp-ui-next/src/platform/auth/browser-auth.http.test.ts,4962,2879fd1ca8ed2d8eb645d0c400bce734e2142dd195e018b33b1b393e3fbd75b0
erp-ui-next/src/platform/auth/browser-auth.http.ts,5280,c5ab701476753547dd26e8ef777f97a0b92ff78db39f62f5dd6f4b91be388c97
erp-ui-next/src/platform/auth/safe-return-path.test.ts,772,d2ea71cb668c9db6af59bdde2709c75af3dd9746080f72cf423b8107c134dcef
erp-ui-next/src/platform/auth/safe-return-path.ts,1011,31ca88ea8cfcbf02f0a3d75ed9b98963570b54d642e3b1b404d12a714e8ea4ec
erp-ui-next/src/platform/data-workbench/csv-export.test.ts,1117,d2b3b9a25523754a5ebbaa3ce6a61b895e340e6014e636b3a158e997a5274e17
erp-ui-next/src/platform/data-workbench/csv-export.ts,2713,90628dc20dfac787ef76206ab1d9f03b495c50762e55255cacee80df86abe51a
erp-ui-next/src/platform/enums/enum-presenter.ts,556,917828bbd900d0382ac1fc3e1c6c4b7a8b29edda767ac9fb7bbc4a0742e49e05
erp-ui-next/src/platform/features/feature-catalog.ts,2556,2d3e11ace4f065a4869ef431ca34405d94785bf371d8d89f53296679d507a7b8
erp-ui-next/src/platform/feedback/error-presentation.test.ts,2028,0e3919f63d27285ef389c9bec9ca844dd96c70c1ff498782fa671ae0f9389194
erp-ui-next/src/platform/feedback/error-presentation.ts,2215,f26b4529c4525fb4ab09bfc7b1784b83d33e3e2922986b1c5da233a09b678426
erp-ui-next/src/platform/files/evidence-file-policy.test.ts,1181,fc06371ad5b98cd3ca83fe980bc8be17a6eb749b121bd1d0a2aeeb70f77379e3
erp-ui-next/src/platform/files/evidence-file-policy.ts,2905,bebde9e9d5c02e058b62f5c1d553c2bbdb6b82b70f832cfc3004e74329347c93
erp-ui-next/src/platform/files/file-task.test.ts,1785,f6ea1cbddd1c942a095080e33717b5b6df6e72a310ac8a327769056e19a79297
erp-ui-next/src/platform/files/file-task.ts,2932,c665ab811a7b59371d1e0b154bdd9e6b696a177fc4a99f074f27cd7922204dbb
erp-ui-next/src/platform/files/use-local-evidence-files.test.ts,1715,3e00d1280fe69da22e21ccc9fcaf972d442131d971a72e5f563247b47da10d0a
erp-ui-next/src/platform/files/use-local-evidence-files.ts,4503,43da45a87e5218458a461e24ed6993ffbded0649673a9b75b456ec68bae55c63
erp-ui-next/src/platform/formatting/date-time.ts,1570,71077807d0c6edc36d67668d28290a116198f212cfcaa8ddb8f4b00a6ec97450
erp-ui-next/src/platform/formatting/decimal.ts,1470,93f4020eac5b6989082c08331e173cb3aaaf313ca1178c70754c12c40980a1e0
erp-ui-next/src/platform/formatting/platform-values.test.ts,1857,2c5232e749092c454bca0210c179df28bcb59d1e930c259abb75679dabf3b709
erp-ui-next/src/platform/http/application-http-client.test.ts,1266,098502313c5bc510f8a543893d46a8d7382550efbe8106e343e693bb1f97e429
erp-ui-next/src/platform/http/application-http-client.ts,899,9dde969c62dbc30d2cf113e7fa394a631ca3a07e9a644e10c8c14066af5f0df9
erp-ui-next/src/platform/navigation/task-deep-link.test.ts,5334,4ced93a6c969198f09ffab2dd69eaa6728c98bfb697ebda33236b992f4e937f0
erp-ui-next/src/platform/navigation/task-deep-link.ts,7776,9a6fbc0ba8a6e995589cc7ce99593f22d8e527bd43c1957a84043bbc2ab6342c
erp-ui-next/src/platform/permissions/ErpCapabilityAction.test.ts,1978,94019fe6e12ed1d46872b4c28bb446859aac48356f90ac261d52f18073f053a8
erp-ui-next/src/platform/permissions/ErpCapabilityAction.vue,3301,0e904eba8fa6dff72bef2b841ae60be6d77e324290a3d6ed074d70bd8dbea50c
erp-ui-next/src/platform/permissions/capability-access.test.ts,2229,f9b6d505cf3aa69c277d77d970ff587503f1e7c4d3dd28f6228d59f34fa84db5
erp-ui-next/src/platform/permissions/capability-access.ts,1217,25e2601b5a0a06f94f61a75746c8e0c3d8ca1f4cbb1e3463379a13fe508b45e4
erp-ui-next/src/platform/permissions/permission.test.ts,1177,b3127ef93c0c948b993b60337a01219a1f4e4d08aa3201e9ee56cb2c3ed2c3d6
erp-ui-next/src/platform/permissions/permission.ts,525,ac6ac57c0e38ad741d85b2d29ddf48a9131f5eba72bd721831b5e570507d1a01
erp-ui-next/src/platform/preferences/preference-repository.test.ts,2462,61c275337401dc47721aed24909de8f92d6b9e78f5ec911b560c2e08196938e6
erp-ui-next/src/platform/preferences/preference-repository.ts,2910,02e1c0065789c9cbcdadce2eee6de06b903cb6c14d8d0bab6da8c83700975dd8
erp-ui-next/src/platform/runtime/runtime-config.ts,881,9db391b99a500ba7e5be7e3a7f4974b24d09ab92e1a5b40c9750ff9042d98678
erp-ui-next/src/platform/session/session-sync.test.ts,3007,47be8546fc17a0dd587656ee18f41e5f1f491fe12d67213d192d6075c66550fc
erp-ui-next/src/platform/session/session-sync.ts,3168,3f3959aff46b5230c4ed3876f1f16dda30609be2b21f9eb8ba8ce1e12a0fb4ab
erp-ui-next/src/platform/session/session.http.test.ts,7102,c9d41af5ed22dac005d74873260b47bf252f412998b28623dba2f2c10654328c
erp-ui-next/src/platform/session/session.http.ts,7613,345469153b6e29888564b425d1e9e8336555dc684d5d844be8d6cb4d14d19606
erp-ui-next/src/platform/session/session.store.test.ts,3011,6f2e7c1fca1b568db67233184146ed0e878237a8ab99fa3cfd14d227265c772c
erp-ui-next/src/platform/session/session.store.ts,5763,64d16c946a781a00e568e2211c21b085f88fe1d2f928b0bc34e976d19cc7235b
erp-ui-next/src/platform/session/session.types.ts,1480,a7c5ea36039626ed773627379a5b417de7aa09d705d65ef00c29dc51716d094e
erp-ui-next/src/test-support/fixtures/approval-definitions.ts,994,c4359079f74bfd24369b12c0205598b7c25cd194a51aa07e9b536de5ed054e42
erp-ui-next/src/test-support/fixtures/approval-instances.ts,6904,6d1115c20a9630aee518ee16456f0fbda048a055d279fcad8a586d1f4fa9c64a
erp-ui-next/src/test-support/fixtures/approval-rules.ts,9555,01f2f6bef8fcd9f882d250333ac8c69f62652120e37553886d7037216bb331eb
erp-ui-next/src/test-support/fixtures/approval-validation.ts,4091,a1415cc7ae592f2e99e96808ff428308f0b290afc90c943c0e9960bdcadb61dc
erp-ui-next/src/test-support/fixtures/categories.ts,1333,8e419c16517cf70c8eda987f2beb2c190140f446fdb7e6bbfcd38bc5adec910e
erp-ui-next/src/test-support/fixtures/customer-service-cards.ts,3100,cc0df198f842cc31b3f1d8465cb07a56904dc7c4f95179e2e54614f2c3c06bfd
erp-ui-next/src/test-support/fixtures/delivery-notices.ts,2544,5f55d38073dfacaf6859a0e628eb706c1c8ef5a4cef1b5e362e2e6f5bef77d7f
erp-ui-next/src/test-support/fixtures/messages.ts,1404,b9e586e7a524c5fe07a2979538c78530108a16fd9242d960c5250ce68ecb3791
erp-ui-next/src/test-support/fixtures/oa-purchases.ts,3548,489845b12e1021a9e0a7406a2ca73f029a7fabafad316fc9f01d474e8db879c2
erp-ui-next/src/test-support/fixtures/products.ts,3727,3906987ff245474eea978fbc6a3edd287137d1171684ceba4eece1aa0e758e44
erp-ui-next/src/test-support/fixtures/purchase-returns.ts,5404,98ef637275dbcda9ecf7245e0ce8ea5238db2d51697cc098e411f1724c9e6090
erp-ui-next/src/test-support/fixtures/purchases.ts,10851,d9d02945e47e50972a42a1bbfff81e813e501bd94a5a880b5d3867695a5e0735
erp-ui-next/src/test-support/fixtures/reports.ts,5413,479319427350b264b590a6e1831112161dd768fb221f84c6d1881af9c5698097
erp-ui-next/src/test-support/fixtures/sales-orders.ts,2507,eb382ef450d2279e84651d0ccf41eb4fdb5bd13a0d99d7386214244d56b461ec
erp-ui-next/src/test-support/fixtures/sales-returns.ts,2798,816d705fa47eb3adbf35d51fb9705adb46ac0bd0306a59b47469b308c425474f
erp-ui-next/src/test-support/fixtures/server-stock-movement.ts,851,5a0872ee316cfda4c84d92a1b9d233f980b1dbec12ca31242d3d7d427d98bba4
erp-ui-next/src/test-support/fixtures/server-stock.ts,861,ec7888867252ecf37f90f9dbd659c6aa98a9d2ecd59a1538ad058b2ed354400d
erp-ui-next/src/test-support/fixtures/session.ts,3691,4973834d0bf20f14492ed28fa5800eedaeb3b376e8b322fa1edfe410e74ef341
erp-ui-next/src/test-support/fixtures/stock-checks.ts,6656,29d243c2b05b482eac6ee1f5ce7e083b78f57b8195e95de799fc8f1852c54bf4
erp-ui-next/src/test-support/fixtures/stock-movements.ts,2493,834a4ee2c36bc33a9be2ab26299c02e34205561bfbb351e2253814478af6d756
erp-ui-next/src/test-support/fixtures/stock.ts,6028,a5f138a153ccc39b9d7aeb076ff95dd766e4f84e07115b166a582b72e3b02ffb
erp-ui-next/src/test-support/fixtures/suppliers.ts,1793,d94ab329728633959ff3b9343d904e707e98daf782e3fa55e0925a365c7553da
erp-ui-next/src/test-support/fixtures/todos.ts,4176,c08f8e970166597d06795d68b3e35d41bd4046a992cced0a072fb36dd2d983e9
erp-ui-next/src/test-support/fixtures/transfers.ts,27629,dc405757ed74283235441975147c355012907744d8c24028373cf51ff0b8b9d8
erp-ui-next/src/test-support/fixtures/workbench.ts,2174,bb5722bea0e163ce3415831c3713f3c54557c6831428d17052c1615e1dafb2d7
erp-ui-next/src/test-support/mock-api/account.gateway.test.ts,2845,1b992b10e6d2f8147d983994938c7c1e5517be5d6292c34c479fb0dc67f94d32
erp-ui-next/src/test-support/mock-api/account.gateway.ts,4119,a65d0dfdfeda678d7b85f05b0e40b04a3f62d26937f9e87b8610c4ccd3236b7a
erp-ui-next/src/test-support/mock-api/gateways.ts,107079,5637f41ab168381820f3770c939b772405bdef7407b81caadc646d64f643592b
erp-ui-next/src/test-support/mock-api/purchase-return.gateway.test.ts,2397,840c47d4cdc5c744b96450e4ae18c9a88f3a99ffeb58d7fa47ce431d6d744978
erp-ui-next/src/test-support/mock-api/purchase-return.gateway.ts,14592,f720b2082bbe4714df4877c5d18926f169d789c73d651d923651148dd2f32762
erp-ui-next/src/test-support/mock-api/purchase.gateway.test.ts,4446,b13e51444c127ceab9e7914a0b7de9b6a33a40026fee7077176ae31814331e5d
erp-ui-next/src/test-support/mock-api/purchase.gateway.ts,22917,0fc7e8c9225fb361eecf42c13306144a9ec2d448e1cbc2f899cef707b9b65dfc
erp-ui-next/src/test-support/mock-api/stock-check.gateway.ts,29171,a86376643178634883364e1035b04ad5ae9a5f1bb407b4e62fabe99968865cec
erp-ui-next/src/test-support/mock-api/todo.gateway.ts,4164,a32d2450d0f9d7d140d4428c0e12a57e451af12f6890527de7c7d7180c052825
erp-ui-next/src/test-support/setup.ts,159,dcd5221607f5654da70dcee775cf367ed047ce5803e89d0b691a01a9cf192c89
scripts/erp-new-2/build_phase1_inventory.py,44073,c51a6ee34b21712532e6f10d3adcca39edea6fb48c9cf2cf1d36c5d224a9b962
sql/erp_cloud_drive_20260711.sql,9088,109929956d0ecae3d9ce8f359c28ac9a9380f8e9e36bc16634b3ccdbea6fc0a6
sql/erp_cloud_drive_organization_quota_20260713.sql,10289,696557baa4f575a29130332057aeff1e55d6bfb5f76dc23973fcbab4806ac31b
sql/erp_database_drift_repair_20260709.sql,23232,846db3d3cb1f5e81b8914f741c203b9765b809f2862610687eed48f57ef106dc
sql/erp_fixed_asset_monthly_quota_20260709.sql,3698,57a88413ce5bca5f524f0b8694a3ce7c98df3e7d397d9ba90d50ebcbc2f1751b
sql/erp_hr_data_quality_20260713.sql,3923,1f0e284aaee9b695ffd002b157019567f9407e6e0eef4f93267e79a1f2816c7a
sql/erp_hr_dept_leader_identity_20260713.sql,2107,736fc3fc94d3808764f9817fa1fa6318127974b11f2dff278ecc108d237e9f70
sql/erp_hr_employee_edit_permission_20260709.sql,971,e645eb692be93c7dfee7e8e09b44d88a22d8da499b11805ab21ba08808ccf745
sql/erp_hr_employee_position_number_20260714.sql,33044,17db453014c21f9ab9c23849c81c4690694c877104e8b39b7cfc4b2d2d8fd63c
sql/erp_hr_health_certificate_20260713.sql,8513,28e4245da13d5fca87b69248d98ea7b198349328bda9ce658b82ae87b75903f1
sql/erp_hr_health_certificate_approval_start_outbox_20260716.sql,2559,7e4f31cb535dd1357e3f55cae094a4ecb29ec3aa5745c8d4e457453d64e34abf
sql/erp_hr_health_certificate_unified_approval_20260714.sql,2826,14e406a85018e65555273aa0ababf0c6d0a92510e1107383cabc1bf68c1d6be3
sql/erp_hr_health_certificate_unified_approval_expand_stage0_20260716.sql,2429,2fa3fc6b6d59548f4b802e75c72de5b28378696ce41709154a051fa25d76d76f
sql/erp_hr_lifecycle_action_20260711.sql,3479,c145715ca77d5eab4288cc37cc22c93ece40cdbda1255eb031ab379fe38058dc
sql/erp_hr_offboarding_automation_20260713.sql,5671,c898d46638d29d28327fbc14b3709edc010c0810a21148984233c93dd3eb7fdf
sql/erp_hr_onboarding_profile_20260712.sql,4210,1a90d8b3f07b0e1df7f54761f678bd85104d0cb9359fc3b35fab221ed13de5b7
sql/erp_hr_personnel_management_20260708.sql,21453,1d607431825a20f05d8bef5bc0acd676692666147928f08adc8e757376b1f10d
sql/erp_hr_renewal_guard_20260712.sql,3543,5cfd8608e47e13c4cf2981187d342e5dd5dcba51d31bfd1e01011045e36b902f
sql/erp_hr_team_permission_20260713.sql,4778,d690c751f6b6d52078d945fa6108de285653cf37c50975801554889e9f8b8ea2
sql/erp_hr_transfer_effective_date_20260713.sql,11189,d2c1fcac1cdc01c83d6c7194da9d7c3648960cda057bfbbd626a7854851b09dc
sql/erp_inventory_batch_location_upgrade_20260612.sql,6588,c7e402659384d40ddf9d4e91dcdfa654cea59a9a8e206d70f8c812206f9b21ff
sql/erp_inventory_customer_service_card_20260713.sql,14667,ccffda99f5a7b13dd91927b7aaf6322f61217401b3060c13ad7d8bcfa0e43223
sql/erp_inventory_daily_healthcheck_20260713.sql,9812,0a2457bb18e41889b8211123ecbfa9a32c7f50c5bbb696b79482dce501e75e5d
sql/erp_inventory_fk_constraints_20260612.sql,6217,25b157d228cb5145ac2b0d8d06809f16eb31360f99125c860f8a51d644cc3b75
sql/erp_inventory_fk_preflight_orphan_check_20260612.sql,12107,296582e67c7495fbad1b5ffad300357b3bc45868c13e2e4ec98c5163db70a11b
sql/erp_inventory_generic_item_stock_20260710.sql,10656,8222b651d0468a09643a680bd87cbd4679abf45c37253e72a161a40ecc7090bc
sql/erp_inventory_inbound_record_detail_20260610.sql,1639,0d718ef2be195f10f78fbb8b1f07c519ddb9b403545f1f8b1bd736c829cefd3d
sql/erp_inventory_item_fulfillment_policy_20260802.sql,1263,4b19e72288fd9b1da38acaad69b177d21c9d94e4330d898533507751905f250b
sql/erp_inventory_lot_location_backfill_20260713.sql,10890,ebad5a8239daf33d474ada61325201db69cfb6e4f288ba46b07a52f8cd407c39
sql/erp_inventory_lot_location_reconcile_20260713.sql,18200,6a7feb411c56915f5b1d61ded23675ab33ebc09a1738079cdebe3958b2b4c04d
sql/erp_inventory_lot_location_rollback_20260713.sql,3322,e84ee0cd2c6245fc853483cc17c5bd00d0867020ed4819e39a9d6a1b397adb26
sql/erp_inventory_lot_location_schema_20260713.sql,16268,a5ca34af3d64f5571ad7494a2611123fcef284ff8336ed936a8cce8763c86344
sql/erp_inventory_master_warehouse_fk_constraints_20260612.sql,7917,0c22786b1f54ad5877404b60956f2e974a4d70671127ec44c40868292aae78e7
sql/erp_inventory_native_approval_stage0_disable_20260716.sql,1717,a692d6eaf6c75ff2c4e77947099f8321d6464c9d789efe0b7cca7df5ce67a594
sql/erp_inventory_oe_gift_management_20260706.sql,13032,6671753761588361b388629bf829e53d978d09d0a61711435365ac6febd880e9
sql/erp_inventory_oe_purchase_reference_20260713.sql,3039,e6479d93e4031a1523c0903c8df7fdc6849422f13209303dbd87c693036978b4
sql/erp_inventory_oe_replenishment_20260713.sql,8404,c6c03cbfd3e0c4f2af0a8368ad6c03c09d9b8094affbdc8069ab29fe5f866863
sql/erp_inventory_order_party_reference_20260713.sql,5005,59c6258c02cae479a3be601b070583a14e1115f36cc07fa94ce42a83ecd25d44
sql/erp_inventory_performance_indexes_20260713.sql,2285,1c3c7dc8d650351ab111c3f4b69c5e687cd3d303fb705cd75eed9a36658caccd
sql/erp_inventory_permission_alignment_20260613.sql,3176,63d26f7036db31b772abe9578c2eb9d44bd7fe633fdd78280c9852319d15010c
sql/erp_inventory_purchase_inbound_reconcile_20260713.sql,5658,ffdfe3273a13e9519d17a205c48851e78848e8c15ab041526edfe1f5aa9bc0e4
sql/erp_inventory_purchase_qc_status_20260606.sql,622,03635bff3fe6499ce374af10a0fb4a30874c6ac5112e2453b71e2f164df8a621
sql/erp_inventory_purchase_return_item_20260713.sql,4203,43d98ca23345e4f677eebdc7f572d9a75187bf6b0b101677872253a9ed6570e6
sql/erp_inventory_receipt_quality_20260713.sql,9049,5d778e38bfc573fc0d4df7f8563220b8381de9f07c3b163eea99ea476b4e5df3
sql/erp_inventory_report_export_permission_20260810.sql,885,38d596a53e0983c01adb1407959833938593bd9fccc6833b49e7fd693a17c187
sql/erp_inventory_report_menu_20260612.sql,1851,a2fdfbaa1cb6025929df8e850b543b967b0b94e26095e9ac5bc197c636abac34
sql/erp_inventory_return_detail_source_detail_20260610.sql,4468,2f525abb2f530e74a7d8e89696a2ada15518ff6d1f93c44152907471aaf80d8e
sql/erp_inventory_status_audit_20260612.sql,5820,ec1e792ff40dee55a38744e3f2e9b28e786699e2f87c93a2a624924760555435
sql/erp_inventory_stock_check_approval_20260710.sql,16841,ef92d99502706ae80cac028a2737e8c1e22f99e4671928e2360aebf1ad94243d
sql/erp_inventory_stock_check_approval_start_outbox_20260716.sql,3106,96beee6e1fb72ca6b2c7b913a7ddda8d3e677ecc8b013c644dd0dc0e419f95d6
sql/erp_inventory_stock_check_scope_20260713.sql,6948,d4a9b62627f5a85d80a181edd8c21a8df5dfc51ea3dde7c512d3c7c8852b110f
sql/erp_inventory_stock_menu_split_20260607.sql,2871,547078d2fb7d273d465516992be5235c00516c7440845794a3db56f1dba1f57b
sql/erp_inventory_stock_scope_cleanup_20260607.sql,3757,bdbf8549d23ef9d60cdf640f5cae18534d47d5ddefcae5c1f12a6d281c94a808
sql/erp_inventory_stock_version_20260612.sql,514,017468f6af6264cb1cfdf31b13cb298352e0df59172854c3e577e1114ae77964
sql/erp_inventory_store_return_20260713.sql,9477,1fc0b854d0f34f1d8160c9350d34f1b728ee7dc4e6dfe8890e2458cfe9b39e54
sql/erp_inventory_store_transfer_receive_permission_20260703.sql,556,446d810c9536ad52b09a9182aa4ed6f2e55cae781bc41b1824d03b5086b6971f
sql/erp_inventory_transfer_approval_integrity_20260713.sql,7752,67bab4e281566898ea40669544ad1cf04225ee09644ca7b97983a03ffad98756
sql/erp_inventory_transfer_approval_integrity_repair_20260713.sql,5440,e78924507ec54e968b08bdc7ca2b7eea36d7f1a5d620a30f8877cdeb6501fbc5
sql/erp_inventory_transfer_approval_start_outbox_20260716.sql,3072,1009b65572dcecad5522713fb26c49ae4702cf99a064c53c1798f7dae46d1de7
sql/erp_inventory_transfer_auto_hierarchy_approval_20260710.sql,4465,4be40f5329051fdf03a2ddbc2489c78710e3358761f0543a08bb41109516ab83
sql/erp_inventory_transfer_command_20260802.sql,1323,29959c98c0df90174b4f976475c88eb185c9d3b47321f0cfd8214bebe2437029
sql/erp_inventory_transfer_discrepancy_20260713.sql,7108,52d9a03e83923b4ed131e9b53c3e8d94a1adf3934f1cde79d13db3b0e2250b17
sql/erp_inventory_transfer_discrepancy_adjudication_basis_v2_20260803.sql,2183,96e272efe3e322e3307a577ae91482e2a69e323905ce4cd86d84011e1195d805
sql/erp_inventory_transfer_discrepancy_adjudication_coverage_v2_20260803.sql,7081,150c1ee49bf48b6070f76d1a3e77d380ce7a34336c3824659a28bd4da946b697
sql/erp_inventory_transfer_discrepancy_adjudication_execution_v2_20260803.sql,5859,fdb605f6159490dc68f9104e9d6287ec991d46fef05eda90a528105ed396f107
sql/erp_inventory_transfer_discrepancy_adjudication_v2_20260802.sql,3258,4afccad770b50565ac5d09c8f2bdb81bdc2289dc140879f5ffd50c044b0443c0
sql/erp_inventory_transfer_discrepancy_async_workflow_v2_20260803.sql,3392,b9c6d1d18d51e59fbbb9f186daa3fb99a51a2b13a12314057d05756e72171cf5
sql/erp_inventory_transfer_discrepancy_atomic_ledger_v2_20260803.sql,5626,c0f90d611d621e18393470e294d8d1a2352f6c87a9e1f9ae46be595a4e45b2b8
sql/erp_inventory_transfer_discrepancy_confirmation_v2_20260802.sql,1513,69f98b95842e0e08c7126c6c3318bbd9b97471b97d5caae1d8ad8c51856c6cf3
sql/erp_inventory_transfer_discrepancy_damage_write_off_v2_20260803.sql,5567,064d55aa1050e0950fb727fe34c6c865a98032bc4dd2b92b12a0b163022279ad
sql/erp_inventory_transfer_discrepancy_return_lifecycle_v2_20260803.sql,4221,453026fc602592f11b2066b97144e161320774c9150767da1f5cf33ebef4b183
sql/erp_inventory_transfer_discrepancy_return_reservation_v2_20260803.sql,4537,c6e84a812afd91487fb1afb2c00d605a86eb2ad99a8d0486e9febfedb5c0dcf2
sql/erp_inventory_transfer_discrepancy_v2_20260802.sql,1705,129af75a22c455309447fc3020ee7769a39b03ed0fd91faf62375cf58e7fdf3a
sql/erp_inventory_transfer_four_level_approval_20260713.sql,10081,e4e8751dd94802680d68bff909916e4fed7ed35b8a44459c05e34710226017af
sql/erp_inventory_transfer_position_chain_preview_20260710.sql,10229,d2b3caed4d5cc02f3761ad8966fc3fc17f8d5e43c20706aadaa7b8d6719f9667
sql/erp_inventory_transfer_receipt_v2_20260802.sql,10356,1e743202a9b7457c67ffd6f80b464dddc437090dfcf1884168edeb8ea5023655
sql/erp_inventory_transfer_reference_amount_20260701.sql,2360,f12eed419ab47e5339737a6b422fa8e0ed0fd01a7cfd111a786d939756245dc9
sql/erp_inventory_transfer_reservation_20260802.sql,2218,04d5b86af5931c5160257588e540a1d5ebbfefaf4c067bcfbb584b2f304aee05
sql/erp_inventory_transfer_revision_20260802.sql,1837,6dc0b10ef8b5b50ebfd48b064136adcf1862bea3603f258ded7674653848d2e6
sql/erp_inventory_transfer_shipment_cost_20260610.sql,483,0c30f8b55c3f64935374db5f09cd198c315687ac1bba00de02850aa2174b237e
sql/erp_inventory_transfer_shipment_tables_20260607.sql,2189,78dbb28614a2fff6bdddafe6f167a4c209773fa275c4ac68a3920da2d07ddbd0
sql/erp_inventory_transfer_shipment_v2_20260802.sql,8760,ebf67ede79b4b3f849a1b3d88696550a6e61478439158fa1a0e1447b51a0ec3b
sql/erp_inventory_transfer_temporary_post_cleanup_20260710.sql,3486,0c4b38624c70b303dd6b5b9fdf5a38e9be8add0ec8423a4c8d71a95fe137d4b7
sql/erp_inventory_transfer_temporary_post_purge_20260710.sql,15481,bc49084e125709a3204ab158d64bdc7ec1c315b0da38a667292465cd48af1e05
sql/erp_inventory_unified_approval_cutover_20260714.sql,6091,8c74f5b326d5f8a9d4f63096e73c8136c45ffa45f71cbca44e4f0a81258ed7ce
sql/erp_inventory_unified_approval_expand_20260716.sql,5792,ae31acf885a8b97a42ada23b6cae12e29f4ba79e4bbf92fb0ef50ab0345681da
sql/erp_inventory_unified_approval_expand_stage0_20260716.sql,4236,50a0ce06564491d26c21a7e9aa4a667bebdc6d6a761d09aeb8dcf0e50de3a81b
sql/erp_inventory_warehouse_navigation_20260713.sql,8950,25e164f8ea10b235d02d6d90d33d38f9c8d97d6383c878b63cd15e073a835223
sql/erp_inventory_warehouse_navigation_rollback_20260713.sql,5061,e611b8358ed61bea69ab26c614aa67f16e3b395d3c6970b820db19109ef9b5a6
sql/erp_inventory_warehouse_transfer_menu_20260607.sql,2866,e0d79b03b118e383afad2ec74861511102188565d057e18a74a99f557e5fc6e1
sql/erp_mobile_qa_data_audit_20260710.sql,3415,e895ff2e339bb1d4d1d9454fa3c6e6d74c5febb0bd43da477fd030cc52a65d34
sql/erp_multi_account_store_audit_remediation_20260620.sql,2548,03b69f2064de8ad2299bc933d46ca652ea68eba5a847b1e03ab01cc7d7f70c04
sql/erp_oa_fixed_asset_20260619.sql,9981,c1dc8a25dc8cd9710573af70266dafe2f45a2e256697eb9e43acefdf93398e66
sql/erp_oa_fixed_asset_replenishment_outbox_20260713.sql,7944,4a7e8e13b0469f0c45ca26cb6d17dd65062bb1ce19ef3462d35c65d025d8806b
sql/erp_oa_flowable_test_data_purge_20260714.sql,14959,b06da3f4297b05969a53c97975eba36975e627acce6f7f3e5c027cf356c2b4d4
sql/erp_oa_labor_contract_20260612.sql,9590,aa556cd9539e5d50697addcdf902fbc3e03dbf70d9c7d58a5ba1e3b6b3a3e380
sql/erp_oa_labor_contract_esign_1345_20260614.sql,1957,eb1860a349d94c087bc4f06c326aa4fee73b8073fa57bb68505b593135aedcb0
sql/erp_oa_purchase_approval_start_outbox_20260716.sql,3118,4d079cb86f9693e44adcc279b8866c779f05a2400d8006b6dde0f9fea76a0256
sql/erp_oa_purchase_permission_alignment_20260704.sql,1078,268f09775e28df0ecdca3a77fd36a038de294acf4545dd03d37fb1a749586f9a
sql/erp_oa_purchase_unified_approval_expand_20260716.sql,2953,5b7166cc2a593618a13572da40a90237b3cc3e849265f84adde8dc845120673d
sql/erp_oa_purchase_unified_approval_expand_stage0_20260716.sql,2810,d7471d935c2593fb560ef36261231176b29ac2de4ca574e6da53f39df3eb897e
sql/erp_oa_sign_evidence_20260711.sql,6216,8deb6335f7e86c24e002ebe6a4a15e439b346687cc7ee68ab1f51f40d36a49bf
sql/erp_oa_sign_final_confirmation_20260714.sql,19408,c1209b88f37371cbc8a7b32c7ecf1cdb0997712b143eff192218d94cd55746e1
sql/erp_oa_sign_menu_permission_repair_20260716.sql,33444,baf7ed29ffe9d75d6c5661175338bb4d4e04d04ca11a91f05244f8a71eeb8b98
sql/erp_oa_sign_package_20260702.sql,13040,f350da15b5deb29023511b1c2032e41b76f32e451e9128bc898b681454d48237
sql/erp_oa_sign_package_renewal_snapshot_20260714.sql,4782,206e7251bcb3e848ef6e414d79e223f0b34474aef8e6183e4943576e10b1536a
sql/erp_oa_sign_package_shop_name_backfill_20260713.sql,413,2a638b06c150c7d2676c14c24707e3f8b113f2f1da9c9ec205c0f3f0e1eba7e3
sql/erp_oa_sign_plan_20260706.sql,4341,598916ce15f4f43c71e95349f356ff910baddd41400a988de033b65997272987
sql/erp_oa_sign_plan_version_20260711.sql,16910,b6aa41d6b95888e0245ab85e781851dd4801cfaab90cf04f23701c647fee9b60
sql/erp_oa_sign_regularization_20260712.sql,689,0d197fa6b288866fb10eb91295816255564410ce3f362f429954c45355405185
sql/erp_oa_sign_task_center_20260711.sql,17868,4f221be6a5dbfa7002443ecf86dc5882eed5c5a0c747afe79f7a09ea8ba6369f
sql/erp_oa_sign_template_delivery_policy_20260713.sql,6521,47574bee91a8cc207208fc8f1a26ca8c6f2b5be951ffc5b20b0fc74d80738309
sql/erp_oa_sign_template_onboard_v2_20260713.sql,13566,e7b2ea09cad017b0ad9c8cf6a41b5669b4d6d2d3c4b2187ba91092097a3af093
sql/erp_oa_sign_template_scenarios_20260714.sql,23233,1fd6a0c45d9fdcf3e7e29be4fb0548bb3a545a4ce84d8c24f08164443cf8f62a
sql/erp_product_category_tree_permission_20260628.sql,2218,c9a84bbfae8ef4b6839ac47c49c7f15537e25e70052eed45193e2b4fa0b474d5
sql/erp_role_post_position_sort_20260628.sql,2802,baacd126bf3c667f677ea1b6dd479ef91b3e36861c41d68d65d8e4c686e5f4b9
sql/erp_sign_profile_dictionary_20260711.sql,4845,25e106d7d3fba604185d85f1d5250ec84f5dc67de4de3d55548000e2ef718357
sql/erp_sign_profile_readiness_audit_20260711.sql,4265,aa1565b0115057e8ce54930792bb0ce1b2ad216df6e4088c88c95d95767d0911
sql/erp_system_management_expand_20260714.sql,9039,5328f78c0d68eeb6563122bf623ebecf603b5b656d0a1083f732cb20d4a3ba4b
sql/erp_system_management_expand_rollback_20260714.sql,3254,333519b7a994983c3ae14d8b9ac528cb948312c128440b1fc9f356fc7e4abe11
sql/erp_system_management_finalize_20260714.sql,1824,5667b00321079b4fd9f9c893205255eec1f252a94ff8c887b128277799521ba6
sql/erp_system_management_permissions_20260714.sql,2651,196b7182424ea4e356d1f5bda80f0d2b1a29e80ce9e45e7effb3d72e7e7c88a0
sql/erp_system_management_permissions_rollback_20260714.sql,1090,be9c580f780b57c4a0a4d8e23a054a87865a00a37389ce4d5389822e3ff70940
sql/erp_system_management_ux_v2_20260714.sql,769,7a27232cffed4bac6edd6cf07d524d940d9ed1abea25eefeb7b72336c615c56b
sql/erp_system_management_ux_v2_rollback_20260714.sql,402,47edb61961f4629c24b22f585965c1bc8213558fb6cdb395e450047c33c8596e
sql/erp_system_notice_workflow_20260714.sql,7225,f3373cfd6018d8fc6e791e5fbf644268feabdc7ce72e3f3ccfb0261b863b1a6c
sql/erp_system_notice_workflow_rollback_20260714.sql,2573,829c043dbf2ef275f46a62be2d27cf45891083b484efb265a6a8695efd607112
sql/erp_system_oper_log_redaction_20260714.sql,4437,b749ae9461a8129c6b949aa97c49e248abbfaf1b9bd87b1f122f12e392d954e4
sql/erp_system_user_notification_20260711.sql,2415,be93e7d006bbafba2603d467cfa20f4205ab1ee6acfba445ce40c98fc591de1f
sql/erp_unified_approval_center_20260714.sql,70760,86825f6fa73a78cfde6f319b04c3f7b0eebb72ac64c172ddcf52548f8fecc684
sql/erp_unified_approval_schema_20260716.sql,22078,d0f2dbd00449ba2b2668bf298cb166168f36697953ab19d566b67da58f2f1568
sql/erp_unified_approval_schema_expand_stage0_20260716.sql,21416,98a2c7b68b7b6676678b11767e52c2ae039bb05050aeb600e61030f70d64b754
sql/erp_unified_approval_seed_20260716.sql,48290,f9d79ee2a37df816a63ddd5c1b705fa9a593ea12df198e040405f3e93ac6e5a8
sql/erp_unified_todo_business_scope_20260713.sql,13438,0855835dff0888e5594a1f0d67430d9d39550cb5ace88529e37d4ddb39af9322
sql/erp_unified_todo_business_scope_rollback_20260713.sql,4782,c9619e7064853ad74d3010d32cf57c791a7a32a21de1484a4b161649f56d94ea
sql/erp_unified_todo_center_20260710.sql,3243,808ea43ff4cc22a6d6d1ab2013354181b341cdf4c7028679c5a350baba39d99d
sql/erp_user_employee_profile_20260706.sql,8307,21d2bb39fb50e96b64b16ab8ec6353eb367f477a1dd21deb92a7b6a2dfa9cf0e
sql/erp_user_hr_onboarding_20260710.sql,32866,553aa4b5593ce50001a11794dc0b5d562df090c23d809b484eca0bd32826998e
sql/erp_user_profile_contract_renewal_20260712.sql,848,9b809badfb9b9e8fdc70912f35ae60408c31eb6513a763fd45ac33cc265ed95d
sql/erp_user_profile_login_columns_20260709.sql,1195,439dd9e33f7220d5caec1c43dc71979d1302bfb5fec131777cbfc2c2a7957a6c
sql/erp_user_salary_scheme_20260614.sql,1337,a1c500883f328452a55ab99d977c0651af9b0228fc829a6540ab7a8cdef5e607
sql/erp_ux_p0_permission_hardening_20260613.sql,6176,1c3ef2eec64e2fe28a31f0918df2ff05c36f1e82da67345e8f9551d172f9a5fd
sql/security_admin_privilege_audit_20260613.sql,544,9c03770200b29520336f427c3e67fbddcae5967480d3211923f8b381004db09f
sql/tea_management_import_20260608.sql,81752,9be40b556afb60ad0aed6dcb46eca0a0b3341faf58deca0c43b3afd0eb596435
